Recv_Timestamp,Side,Point_0,Point_1,Point_2,Point_3,Point_4,Point_5,Point_6,Point_7,Point_8,Point_9,Point_10,Point_11,Point_12,Point_13,Point_14,Point_15,Point_16,Point_17
1777530082.8237243,Left,0,0,0,0,0,0,0,0,0,0,0,0,0,0,0,0,0,0
1777530082.8237243,Right,0,0,0,0,0,0,0,0,0,0,0,0,0,0,0,0,0,0
1777530089.640519,Left,0,0,0,0,0,0,0,0,0,0,0,0,0,0,0,0,0,0
1777530089.640519,Right,0,0,0,0,0,0,0,0,0,0,0,0,0,0,0,0,0,0
1777530089.661801,Left,0,0,0,0,0,0,0,0,0,0,0,0,0,0,0,0,0,0
1777530089.661801,Right,0,0,0,0,0,0,0,0,0,0,0,0,0,0,0,0,0,0
1777530089.8448164,Left,0,0,0,0,0,0,0,0,0,0,0,0,0,0,0,0,0,0
1777530089.8448164,Right,0,0,0,0,0,0,0,0,0,0,0,0,0,0,0,0,0,0
1777530090.0737145,Left,0,0,0,0,0,0,0,0,0,0,0,0,0,0,0,0,0,0
1777530090.0737145,Right,0,0,0,0,0,0,0,0,0,0,0,0,0,0,0,0,0,0
1777530090.0744855,Left,0,0,0,0,0,0,0,0,0,0,0,0,0,0,0,0,0,0
1777530090.0744855,Right,0,0,0,0,0,0,0,0,0,0,0,0,0,0,0,0,0,0
1777530090.1897528,Left,0,0,0,0,0,0,0,0,0,0,0,0,0,0,0,0,0,0
1777530090.1897528,Right,0,0,0,0,0,0,0,0,0,0,0,0,0,0,0,0,0,0
1777530090.2709546,Left,0,0,0,0,0,0,0,0,0,0,0,0,0,0,0,0,0,0
1777530090.2709546,Right,0,0,0,0,0,0,0,0,0,0,0,0,0,0,0,0,0,0
1777530090.4118478,Left,0,0,0,0,0,0,0,0,0,0,0,0,0,0,0,0,0,0
1777530090.4118478,Right,0,0,0,0,0,0,0,0,0,0,0,0,0,0,0,0,0,0
1777530090.5618317,Left,0,0,0,0,0,0,0,0,0,0,0,0,0,0,0,0,0,0
1777530090.5618317,Right,0,0,0,0,0,0,0,0,0,0,0,0,0,0,0,0,0,0
1777530090.6402967,Left,0,0,0,0,0,0,0,0,0,0,0,0,0,0,0,0,0,0
1777530090.6402967,Right,0,0,0,0,0,0,0,0,0,0,0,0,0,0,0,0,0,0
1777530090.7804136,Left,0,0,0,0,0,0,0,0,0,0,0,0,0,0,0,0,0,0
1777530090.7804136,Right,0,0,0,0,0,0,0,0,0,0,0,0,0,0,0,0,0,0
1777530090.892607,Left,0,0,0,0,0,0,0,0,0,0,0,0,0,0,0,0,0,0
1777530090.892607,Right,0,0,0,0,0,0,0,0,0,0,0,0,0,0,0,0,0,0
1777530090.9871016,Left,0,0,0,0,0,0,0,0,0,0,0,0,0,0,0,0,0,0
1777530090.9871016,Right,0,0,0,0,0,0,0,0,0,0,0,0,0,0,0,0,0,0
1777530091.0897386,Left,0,0,0,0,0,0,0,0,0,0,0,0,0,0,0,0,0,0
1777530091.0897386,Right,0,0,0,0,0,0,0,0,0,0,0,0,0,0,0,0,0,0
1777530091.09074,Left,0,0,0,0,0,0,0,0,0,0,0,0,0,0,0,0,0,0
1777530091.09074,Right,0,0,0,0,0,0,0,0,0,0,0,0,0,0,0,0,0,0
1777530091.206721,Left,0,0,0,0,0,0,0,0,0,0,0,0,0,0,0,0,0,0
1777530091.206721,Right,0,0,0,0,0,0,0,0,0,0,0,0,0,0,0,0,0,0
1777530091.251121,Left,0,0,0,0,0,0,0,0,0,0,0,0,0,0,0,0,0,0
1777530091.251121,Right,0,0,0,0,0,0,0,0,0,0,0,0,0,0,0,0,0,0
1777530091.3600984,Left,0,0,0,0,0,0,0,0,0,0,0,0,0,0,0,0,0,0
1777530091.3600984,Right,0,0,0,0,0,0,0,0,0,0,0,0,0,0,0,0,0,0
1777530091.4498174,Left,0,0,0,0,0,0,0,0,0,0,0,0,0,0,0,0,0,0
1777530091.4498174,Right,0,0,0,0,0,0,0,0,0,0,0,0,0,0,0,0,0,0
1777530091.5730631,Left,0,0,0,0,0,0,0,0,0,0,0,0,0,0,0,0,0,0
1777530091.5730631,Right,0,0,0,0,0,0,0,0,0,0,0,0,0,0,0,0,0,0
1777530091.8407805,Left,0,0,0,0,0,0,0,0,0,0,0,0,0,0,0,0,0,0
1777530091.8407805,Right,0,0,0,0,0,0,0,0,0,0,0,0,0,0,0,0,0,0
1777530091.951826,Left,0,0,0,0,0,0,0,0,0,0,0,0,0,0,0,0,0,0
1777530091.951826,Right,0,0,0,0,0,0,0,0,0,0,0,0,0,0,0,0,0,0
1777530092.0925002,Left,0,0,0,0,0,0,0,0,0,0,0,0,0,0,0,0,0,0
1777530092.0925002,Right,0,0,0,0,0,0,0,0,0,0,0,0,0,0,0,0,0,0
1777530092.1394281,Left,0,0,0,0,0,0,0,0,0,0,0,0,0,0,0,0,0,0
1777530092.1394281,Right,0,0,0,0,0,0,0,0,0,0,0,0,0,0,0,0,0,0
1777530092.18313,Left,0,0,0,0,0,0,0,0,0,0,0,0,0,0,0,0,0,0
1777530092.18313,Right,0,0,0,0,0,0,0,0,0,0,0,0,0,0,0,0,0,0
1777530092.3238776,Left,0,0,0,0,0,0,0,0,0,0,0,0,0,0,0,0,0,0
1777530092.3238776,Right,0,0,0,0,0,0,0,0,0,0,0,0,0,0,0,0,0,0
1777530092.3666427,Left,0,0,0,0,0,0,0,0,0,0,0,0,0,0,0,0,0,0
1777530092.3666427,Right,0,0,0,0,0,0,0,0,0,0,0,0,0,0,0,0,0,0
1777530092.522034,Left,0,0,0,0,0,0,0,0,0,0,0,0,0,0,0,0,0,0
1777530092.522034,Right,0,0,0,0,0,0,0,0,0,0,0,0,0,0,0,0,0,0
1777530092.5737815,Left,0,0,0,0,0,0,0,0,0,0,0,0,0,0,0,0,0,0
1777530092.5737815,Right,0,0,0,0,0,0,0,0,0,0,0,0,0,0,0,0,0,0
1777530092.7040439,Left,0,0,0,0,0,0,0,0,0,0,0,0,0,0,0,0,0,0
1777530092.7040439,Right,0,0,0,0,0,0,0,0,0,0,0,0,0,0,0,0,0,0
1777530092.8295832,Left,0,0,0,0,0,0,0,0,0,0,0,0,0,0,0,0,0,0
1777530092.8295832,Right,0,0,0,0,0,0,0,0,0,0,0,0,0,0,0,0,0,0
1777530092.8905332,Left,0,0,0,0,0,0,0,0,0,0,0,0,0,0,0,0,0,0
1777530092.8905332,Right,0,0,0,0,0,0,0,0,0,0,0,0,0,0,0,0,0,0
1777530092.9546068,Left,0,0,0,0,0,0,0,0,0,0,0,0,0,0,0,0,0,0
1777530092.9546068,Right,0,0,0,0,0,0,0,0,0,0,0,0,0,0,0,0,0,0
1777530093.0841513,Left,0,0,0,0,0,0,0,0,0,0,0,0,0,0,0,0,0,0
1777530093.0841513,Right,0,0,0,0,0,0,0,0,0,0,0,0,0,0,0,0,0,0
1777530093.1206133,Left,0,0,0,0,0,0,0,0,0,0,0,0,0,0,0,0,0,0
1777530093.1206133,Right,0,0,0,0,0,0,0,0,0,0,0,0,0,0,0,0,0,0
1777530093.2158751,Left,0,0,0,0,0,0,0,0,0,0,0,0,0,0,0,0,0,0
1777530093.2158751,Right,0,0,0,0,0,0,0,0,0,0,0,0,0,0,0,0,0,0
1777530093.300556,Left,0,0,0,0,0,0,0,0,0,0,0,0,0,0,0,0,0,0
1777530093.300556,Right,0,0,0,0,0,0,0,0,0,0,0,0,0,0,0,0,0,0
1777530093.3395333,Left,0,0,0,0,0,0,0,0,0,0,0,0,0,0,0,0,0,0
1777530093.3395333,Right,0,0,0,0,0,0,0,0,0,0,0,0,0,0,0,0,0,0
1777530093.4709315,Left,0,0,0,0,0,0,0,0,0,0,0,0,0,0,0,0,0,0
1777530093.4709315,Right,0,0,0,0,0,0,0,0,0,0,0,0,0,0,0,0,0,0
1777530093.502049,Left,0,0,0,0,0,0,0,0,0,0,0,0,0,0,0,0,0,0
1777530093.502049,Right,0,0,0,0,0,0,0,0,0,0,0,0,0,0,0,0,0,0
1777530093.7830646,Left,0,0,0,0,0,0,0,0,0,0,0,0,0,0,0,0,0,0
1777530093.7830646,Right,0,0,0,0,0,0,0,0,0,0,0,0,0,0,0,0,0,0
1777530093.792854,Left,0,0,0,0,0,0,0,0,0,0,0,0,0,0,0,0,0,0
1777530093.792854,Right,0,0,0,0,0,0,0,0,0,0,0,0,0,0,0,0,0,0
1777530093.9705105,Left,0,0,0,0,0,0,0,0,0,0,0,0,0,0,0,0,0,0
1777530093.9705105,Right,0,0,0,0,0,0,0,0,0,0,0,0,0,0,0,0,0,0
1777530094.170159,Left,0,0,0,0,0,0,0,0,0,0,0,0,0,0,0,0,0,0
1777530094.170159,Right,0,0,0,0,0,0,0,0,0,0,0,0,0,0,0,0,0,0
1777530094.2453623,Left,0,0,0,0,0,0,0,0,0,0,0,0,0,0,0,0,0,0
1777530094.2453623,Right,0,0,0,0,0,0,0,0,0,0,0,0,0,0,0,0,0,0
1777530094.4216905,Left,0,0,0,0,0,0,0,0,0,0,0,0,0,0,0,0,0,0
1777530094.4216905,Right,0,0,0,0,0,0,0,0,0,0,0,0,0,0,0,0,0,0
1777530094.4465845,Left,0,0,0,0,0,0,0,0,0,0,0,0,0,0,0,0,0,0
1777530094.4465845,Right,0,0,0,0,0,0,0,0,0,0,0,0,0,0,0,0,0,0
1777530094.5418825,Left,0,0,0,0,0,0,0,0,0,0,0,0,0,0,0,0,0,0
1777530094.5418825,Right,0,0,0,0,0,0,0,0,0,0,0,0,0,0,0,0,0,0
1777530094.6116624,Left,0,0,0,0,0,0,0,0,0,0,0,0,0,0,0,0,0,0
1777530094.6116624,Right,0,0,0,0,0,0,0,0,0,0,0,0,0,0,0,0,0,0
1777530094.653114,Left,0,0,0,0,0,0,0,0,0,0,0,0,0,0,0,0,0,0
1777530094.653114,Right,0,0,0,0,0,0,0,0,0,0,0,0,0,0,0,0,0,0
1777530094.8249283,Left,0,0,0,0,0,0,0,0,0,0,0,0,0,0,0,0,0,0
1777530094.8249283,Right,0,0,0,0,0,0,0,0,0,0,0,0,0,0,0,0,0,0
1777530094.844673,Left,0,0,0,0,0,0,0,0,0,0,0,0,0,0,0,0,0,0
1777530094.844673,Right,0,0,0,0,0,0,0,0,0,0,0,0,0,0,0,0,0,0
1777530095.0218852,Left,0,0,0,0,0,0,0,0,0,0,0,0,0,0,0,0,0,0
1777530095.0218852,Right,0,0,0,0,0,0,0,0,0,0,0,0,0,0,0,0,0,0
1777530095.0944762,Left,0,0,0,0,0,0,0,0,0,0,0,0,0,0,0,0,0,0
1777530095.0944762,Right,0,0,0,0,0,0,0,0,0,0,0,0,0,0,0,0,0,0
1777530095.1257653,Left,0,0,0,0,0,0,0,0,0,0,0,0,0,0,0,0,0,0
1777530095.1257653,Right,0,0,0,0,0,0,0,0,0,0,0,0,0,0,0,0,0,0
1777530095.2627363,Left,0,0,0,0,0,0,0,0,0,0,0,0,0,0,0,0,0,0
1777530095.2627363,Right,0,0,0,0,0,0,0,0,0,0,0,0,0,0,0,0,0,0
1777530095.3603628,Left,0,0,0,0,0,0,0,0,0,0,0,0,0,0,0,0,0,0
1777530095.3603628,Right,0,0,0,0,0,0,0,0,0,0,0,0,0,0,0,0,0,0
1777530095.36959,Left,0,0,0,0,0,0,0,0,0,0,0,0,0,0,0,0,0,0
1777530095.36959,Right,0,0,0,0,0,0,0,0,0,0,0,0,0,0,0,0,0,0
1777530095.5624175,Left,0,0,0,0,0,0,0,0,0,0,0,0,0,0,0,0,0,0
1777530095.5624175,Right,0,0,0,0,0,0,0,0,0,0,0,0,0,0,0,0,0,0
1777530095.5903826,Left,0,0,0,0,0,0,0,0,0,0,0,0,0,0,0,0,0,0
1777530095.5903826,Right,0,0,0,0,0,0,0,0,0,0,0,0,0,0,0,0,0,0
1777530095.7740037,Left,0,0,0,0,0,0,0,0,0,0,0,0,0,0,0,0,0,0
1777530095.7740037,Right,0,0,0,0,0,0,0,0,0,0,0,0,0,0,0,0,0,0
1777530095.9979792,Left,0,0,0,0,0,0,0,0,0,0,0,0,0,0,0,0,0,0
1777530095.9979792,Right,0,0,0,0,0,0,0,0,0,0,0,0,0,0,0,0,0,0
1777530096.024208,Left,0,0,0,0,0,0,0,0,0,0,0,0,0,0,0,0,0,0
1777530096.024208,Right,0,0,0,0,0,0,0,0,0,0,0,0,0,0,0,0,0,0
1777530096.2597497,Left,0,0,0,0,0,0,0,0,0,0,0,0,0,0,0,0,0,0
1777530096.2597497,Right,0,0,0,0,0,0,0,0,0,0,0,0,0,0,0,0,0,0
1777530096.4058394,Left,0,0,0,0,0,0,0,0,0,0,0,0,0,0,0,0,0,0
1777530096.4058394,Right,0,0,0,0,0,0,0,0,0,0,0,0,0,0,0,0,0,0
1777530096.476581,Left,0,0,0,0,0,0,0,0,0,0,0,0,0,0,0,0,0,0
1777530096.476581,Right,0,0,0,0,0,0,0,0,0,0,0,0,0,0,0,0,0,0
1777530096.5394788,Left,0,0,0,0,0,0,0,0,0,0,0,0,0,0,0,0,0,0
1777530096.5394788,Right,0,0,0,0,0,0,0,0,0,0,0,0,0,0,0,0,0,0
1777530096.7023365,Left,0,0,0,0,0,0,0,0,0,0,0,0,0,0,0,0,0,0
1777530096.7023365,Right,0,0,0,0,0,0,0,0,0,0,0,0,0,0,0,0,0,0
1777530096.771066,Left,0,0,0,0,0,0,0,0,0,0,0,0,0,0,0,0,0,0
1777530096.771066,Right,0,0,0,0,0,0,0,0,0,0,0,0,0,0,0,0,0,0
1777530096.9050286,Left,0,0,0,0,0,0,0,0,0,0,0,0,0,0,0,0,0,0
1777530096.9050286,Right,0,0,0,0,0,0,0,0,0,0,0,0,0,0,0,0,0,0
1777530096.94528,Left,0,0,0,0,0,0,0,0,0,0,0,0,0,0,0,0,0,0
1777530096.94528,Right,0,0,0,0,0,0,0,0,0,0,0,0,0,0,0,0,0,0
1777530097.0584712,Left,0,0,0,0,0,0,0,0,0,0,0,0,0,0,0,0,0,0
1777530097.0584712,Right,0,0,0,0,0,0,0,0,0,0,0,0,0,0,0,0,0,0
1777530097.0711088,Left,0,0,0,0,0,0,0,0,0,0,0,0,0,0,0,0,0,0
1777530097.0711088,Right,0,0,0,0,0,0,0,0,0,0,0,0,0,0,0,0,0,0
1777530097.273669,Left,0,0,0,0,0,0,0,0,0,0,0,0,0,0,0,0,0,0
1777530097.273669,Right,0,0,0,0,0,0,0,0,0,0,0,0,0,0,0,0,0,0
1777530097.2749522,Left,0,0,0,0,0,0,0,0,0,0,0,0,0,0,0,0,0,0
1777530097.2749522,Right,0,0,0,0,0,0,0,0,0,0,0,0,0,0,0,0,0,0
1777530097.4011405,Left,0,0,0,0,0,0,0,0,0,0,0,0,0,0,0,0,0,0
1777530097.4011405,Right,0,0,0,0,0,0,0,0,0,0,0,0,0,0,0,0,0,0
1777530097.4683075,Left,0,0,0,0,0,0,0,0,0,0,0,0,0,0,0,0,0,0
1777530097.4683075,Right,0,0,0,0,0,0,0,0,0,0,0,0,0,0,0,0,0,0
1777530097.6396668,Left,0,0,0,0,0,0,0,0,0,0,0,0,0,0,0,0,0,0
1777530097.6396668,Right,0,0,0,0,0,0,0,0,0,0,0,0,0,0,0,0,0,0
1777530097.682798,Left,0,0,0,0,0,0,0,0,0,0,0,0,0,0,0,0,0,0
1777530097.682798,Right,0,0,0,0,0,0,0,0,0,0,0,0,0,0,0,0,0,0
1777530097.7837746,Left,0,0,0,0,0,0,0,0,0,0,0,0,0,0,0,0,0,0
1777530097.7837746,Right,0,0,0,0,0,0,0,0,0,0,0,0,0,0,0,0,0,0
1777530097.9017026,Left,0,0,0,0,0,0,0,0,0,0,0,0,0,0,0,0,0,0
1777530097.9017026,Right,0,0,0,0,0,0,0,0,0,0,0,0,0,0,0,0,0,0
1777530097.9731545,Left,0,0,0,0,0,0,0,0,0,0,0,0,0,0,0,0,0,0
1777530097.9731545,Right,0,0,0,0,0,0,0,0,0,0,0,0,0,0,0,0,0,0
1777530098.1216698,Left,0,0,0,0,0,0,0,0,0,0,0,0,0,0,0,0,0,0
1777530098.1216698,Right,0,0,0,0,0,0,0,0,0,0,0,0,0,0,0,0,0,0
1777530098.1597505,Left,0,0,0,0,0,0,0,0,0,0,0,0,0,0,0,0,0,0
1777530098.1597505,Right,0,0,0,0,0,0,0,0,0,0,0,0,0,0,0,0,0,0
1777530098.2632966,Left,0,0,0,0,0,0,0,0,0,0,0,0,0,0,0,0,0,0
1777530098.2632966,Right,0,0,0,0,0,0,0,0,0,0,0,0,0,0,0,0,0,0
1777530098.3516228,Left,0,0,0,0,0,0,0,0,0,0,0,0,0,0,0,0,0,0
1777530098.3516228,Right,0,0,0,0,0,0,0,0,0,0,0,0,0,0,0,0,0,0
1777530098.4890368,Left,0,0,0,0,0,0,0,0,0,0,0,0,0,0,0,0,0,0
1777530098.4890368,Right,0,0,0,0,0,0,0,0,0,0,0,0,0,0,0,0,0,0
1777530098.5130503,Left,0,0,0,0,0,0,0,0,0,0,0,0,0,0,0,0,0,0
1777530098.5130503,Right,0,0,0,0,0,0,0,0,0,0,0,0,0,0,0,0,0,0
1777530098.7208023,Left,0,0,0,0,0,0,0,0,0,0,0,0,0,0,0,0,0,0
1777530098.7208023,Right,0,0,0,0,0,0,0,0,0,0,0,0,0,0,0,0,0,0
1777530098.764331,Left,0,0,0,0,0,0,0,0,0,0,0,0,0,0,0,0,0,0
1777530098.764331,Right,0,0,0,0,0,0,0,0,0,0,0,0,0,0,0,0,0,0
1777530098.9782987,Left,0,0,0,0,0,0,0,0,0,0,0,0,0,0,0,0,0,0
1777530098.9782987,Right,0,0,0,0,0,0,0,0,0,0,0,0,0,0,0,0,0,0
1777530099.0028274,Left,0,0,0,0,0,0,0,0,0,0,0,0,0,0,0,0,0,0
1777530099.0028274,Right,0,0,0,0,0,0,0,0,0,0,0,0,0,0,0,0,0,0
1777530099.1636193,Left,0,0,0,0,0,0,0,0,0,0,0,0,0,0,0,0,0,0
1777530099.1636193,Right,0,0,0,0,0,0,0,0,0,0,0,0,0,0,0,0,0,0
1777530099.339782,Left,0,0,0,0,0,0,0,0,0,0,0,0,0,0,0,0,0,0
1777530099.339782,Right,0,0,0,0,0,0,0,0,0,0,0,0,0,0,0,0,0,0
1777530099.3644557,Left,0,0,0,0,0,0,0,0,0,0,0,0,0,0,0,0,0,0
1777530099.3644557,Right,0,0,0,0,0,0,0,0,0,0,0,0,0,0,0,0,0,0
1777530099.5025687,Left,0,0,0,0,0,0,0,0,0,0,0,0,0,0,0,0,0,0
1777530099.5025687,Right,0,0,0,0,0,0,0,0,0,0,0,0,0,0,0,0,0,0
1777530099.5815372,Left,0,0,0,0,0,0,0,0,0,0,0,0,0,0,0,0,0,0
1777530099.5815372,Right,0,0,0,0,0,0,0,0,0,0,0,0,0,0,0,0,0,0
1777530099.6436493,Left,0,0,0,0,0,0,0,0,0,0,0,0,0,0,0,0,0,0
1777530099.6436493,Right,0,0,0,0,0,0,0,0,0,0,0,0,0,0,0,0,0,0
1777530099.7824397,Left,0,0,0,0,0,0,0,0,0,0,0,0,0,0,0,0,0,0
1777530099.7824397,Right,0,0,0,0,0,0,0,0,0,0,0,0,0,0,0,0,0,0
1777530099.7946339,Left,0,0,0,0,0,0,0,0,0,0,0,0,0,0,0,0,0,0
1777530099.7946339,Right,0,0,0,0,0,0,0,0,0,0,0,0,0,0,0,0,0,0
1777530099.9088762,Left,0,0,0,0,0,0,0,0,0,0,0,0,0,0,0,0,0,0
1777530099.9088762,Right,0,0,0,0,0,0,0,0,0,0,0,0,0,0,0,0,0,0
1777530099.9546523,Left,0,0,0,0,0,0,0,0,0,0,0,0,0,0,0,0,0,0
1777530099.9546523,Right,0,0,0,0,0,0,0,0,0,0,0,0,0,0,0,0,0,0
1777530100.0218546,Left,0,0,0,0,0,0,0,0,0,0,0,0,0,0,0,0,0,0
1777530100.0218546,Right,0,0,0,0,0,0,0,0,0,0,0,0,0,0,0,0,0,0
1777530100.1551702,Left,0,0,0,0,0,0,0,0,0,0,0,0,0,0,0,0,0,0
1777530100.1551702,Right,0,0,0,0,0,0,0,0,0,0,0,0,0,0,0,0,0,0
1777530100.221634,Left,0,0,0,0,0,0,0,0,0,0,0,0,0,0,0,0,0,0
1777530100.221634,Right,0,0,0,0,0,0,0,0,0,0,0,0,0,0,0,0,0,0
1777530100.296,Left,0,0,0,0,0,0,0,0,0,0,0,0,0,0,0,0,0,0
1777530100.296,Right,0,0,0,0,0,0,0,0,0,0,0,0,0,0,0,0,0,0
1777530100.389464,Left,0,0,0,0,0,0,0,0,0,0,0,0,0,0,0,0,0,0
1777530100.389464,Right,0,0,0,0,0,0,0,0,0,0,0,0,0,0,0,0,0,0
1777530100.4825242,Left,0,0,0,0,0,0,0,0,0,0,0,0,0,0,0,0,0,0
1777530100.4825242,Right,0,0,0,0,0,0,0,0,0,0,0,0,0,0,0,0,0,0
1777530100.613539,Left,0,0,0,0,0,0,0,0,0,0,0,0,0,0,0,0,0,0
1777530100.613539,Right,0,0,0,0,0,0,0,0,0,0,0,0,0,0,0,0,0,0
1777530100.7330215,Left,0,0,0,0,0,0,0,0,0,0,0,0,0,0,0,0,0,0
1777530100.7330215,Right,0,0,0,0,0,0,0,0,0,0,0,0,0,0,0,0,0,0
1777530100.7797213,Left,0,0,0,0,0,0,0,0,0,0,0,0,0,0,0,0,0,0
1777530100.7797213,Right,0,0,0,0,0,0,0,0,0,0,0,0,0,0,0,0,0,0
1777530100.8782392,Left,0,0,0,0,0,0,0,0,0,0,0,0,0,0,0,0,0,0
1777530100.8782392,Right,0,0,0,0,0,0,0,0,0,0,0,0,0,0,0,0,0,0
1777530100.9675066,Left,0,0,0,0,0,0,0,0,0,0,0,0,0,0,0,0,0,0
1777530100.9675066,Right,0,0,0,0,0,0,0,0,0,0,0,0,0,0,0,0,0,0
1777530100.9683273,Left,0,0,0,0,0,0,0,0,0,0,0,0,0,0,0,0,0,0
1777530100.9683273,Right,0,0,0,0,0,0,0,0,0,0,0,0,0,0,0,0,0,0
1777530101.0800664,Left,0,0,0,0,0,0,0,0,0,0,0,0,0,0,0,0,0,0
1777530101.0800664,Right,0,0,0,0,0,0,0,0,0,0,0,0,0,0,0,0,0,0
1777530101.190547,Left,0,0,0,0,0,0,0,0,0,0,0,0,0,0,0,0,0,0
1777530101.190547,Right,0,0,0,0,0,0,0,0,0,0,0,0,0,0,0,0,0,0
1777530101.4035497,Left,0,0,0,0,0,0,0,0,0,0,0,0,0,0,0,0,0,0
1777530101.4035497,Right,0,0,0,0,0,0,0,0,0,0,0,0,0,0,0,0,0,0
1777530101.472017,Left,0,0,0,0,0,0,0,0,0,0,0,0,0,0,0,0,0,0
1777530101.472017,Right,0,0,0,0,0,0,0,0,0,0,0,0,0,0,0,0,0,0
1777530101.54791,Left,0,0,0,0,0,0,0,0,0,0,0,0,0,0,0,0,0,0
1777530101.54791,Right,0,0,0,0,0,0,0,0,0,0,0,0,0,0,0,0,0,0
1777530101.656441,Left,0,0,0,0,0,0,0,0,0,0,0,0,0,0,0,0,0,0
1777530101.656441,Right,0,0,0,0,0,0,0,0,0,0,0,0,0,0,0,0,0,0
1777530101.7006953,Left,0,0,0,0,0,0,0,0,0,0,0,0,0,0,0,0,0,0
1777530101.7006953,Right,0,0,0,0,0,0,0,0,0,0,0,0,0,0,0,0,0,0
1777530101.8207862,Left,0,0,0,0,0,0,0,0,0,0,0,0,0,0,0,0,0,0
1777530101.8207862,Right,0,0,0,0,0,0,0,0,0,0,0,0,0,0,0,0,0,0
1777530101.8426533,Left,0,0,0,0,0,0,0,0,0,0,0,0,0,0,0,0,0,0
1777530101.8426533,Right,0,0,0,0,0,0,0,0,0,0,0,0,0,0,0,0,0,0
1777530102.0587764,Left,0,0,0,0,0,0,0,0,0,0,0,0,0,0,0,0,0,0
1777530102.0587764,Right,0,0,0,0,0,0,0,0,0,0,0,0,0,0,0,0,0,0
1777530102.2734735,Left,0,0,0,0,0,0,0,0,0,0,0,0,0,0,0,0,0,0
1777530102.2734735,Right,0,0,0,0,0,0,0,0,0,0,0,0,0,0,0,0,0,0
1777530102.3702717,Left,0,0,0,0,0,0,0,0,0,0,0,0,0,0,0,0,0,0
1777530102.3702717,Right,0,0,0,0,0,0,0,0,0,0,0,0,0,0,0,0,0,0
1777530102.4213705,Left,0,0,0,0,0,0,0,0,0,0,0,0,0,0,0,0,0,0
1777530102.4213705,Right,0,0,0,0,0,0,0,0,0,0,0,0,0,0,0,0,0,0
1777530102.6079788,Left,0,0,0,0,0,0,0,0,0,0,0,0,0,0,0,0,0,0
1777530102.6079788,Right,0,0,0,0,0,0,0,0,0,0,0,0,0,0,0,0,0,0
1777530102.7165487,Left,0,0,0,0,0,0,0,0,0,0,0,0,0,0,0,0,0,0
1777530102.7165487,Right,0,0,0,0,0,0,0,0,0,0,0,0,0,0,0,0,0,0
1777530102.734057,Left,0,0,0,0,0,0,0,0,0,0,0,0,0,0,0,0,0,0
1777530102.734057,Right,0,0,0,0,0,0,0,0,0,0,0,0,0,0,0,0,0,0
1777530102.9052346,Left,0,0,0,0,0,0,0,0,0,0,0,0,0,0,0,0,0,0
1777530102.9052346,Right,0,0,0,0,0,0,0,0,0,0,0,0,0,0,0,0,0,0
1777530102.9625707,Left,0,0,0,0,0,0,0,0,0,0,0,0,0,0,0,0,0,0
1777530102.9625707,Right,0,0,0,0,0,0,0,0,0,0,0,0,0,0,0,0,0,0
1777530102.998059,Left,0,0,0,0,0,0,0,0,0,0,0,0,0,0,0,0,0,0
1777530102.998059,Right,0,0,0,0,0,0,0,0,0,0,0,0,0,0,0,0,0,0
1777530103.1037915,Left,0,0,0,0,0,0,0,0,0,0,0,0,0,0,0,0,0,0
1777530103.1037915,Right,0,0,0,0,0,0,0,0,0,0,0,0,0,0,0,0,0,0
1777530103.2146776,Left,0,0,0,0,0,0,0,0,0,0,0,0,0,0,0,0,0,0
1777530103.2146776,Right,0,0,0,0,0,0,0,0,0,0,0,0,0,0,0,0,0,0
1777530103.2612906,Left,0,0,0,0,0,0,0,0,0,0,0,0,0,0,0,0,0,0
1777530103.2612906,Right,0,0,0,0,0,0,0,0,0,0,0,0,0,0,0,0,0,0
1777530103.3644388,Left,0,0,0,0,0,0,0,0,0,0,0,0,0,0,0,0,0,0
1777530103.3644388,Right,0,0,0,0,0,0,0,0,0,0,0,0,0,0,0,0,0,0
1777530103.3832738,Left,0,0,0,0,0,0,0,0,0,0,0,0,0,0,0,0,0,0
1777530103.3832738,Right,0,0,0,0,0,0,0,0,0,0,0,0,0,0,0,0,0,0
1777530103.5443482,Left,0,0,0,0,0,0,0,0,0,0,0,0,0,0,0,0,0,0
1777530103.5443482,Right,0,0,0,0,0,0,0,0,0,0,0,0,0,0,0,0,0,0
1777530103.661839,Left,0,0,0,0,0,0,0,0,0,0,0,0,0,0,0,0,0,0
1777530103.661839,Right,0,0,0,0,0,0,0,0,0,0,0,0,0,0,0,0,0,0
1777530103.7423732,Left,0,0,0,0,0,0,0,0,0,0,0,0,0,0,0,0,0,0
1777530103.7423732,Right,0,0,0,0,0,0,0,0,0,0,0,0,0,0,0,0,0,0
1777530103.7924502,Left,0,0,0,0,0,0,0,0,0,0,0,0,0,0,0,0,0,0
1777530103.7924502,Right,0,0,0,0,0,0,0,0,0,0,0,0,0,0,0,0,0,0
1777530103.8957224,Left,0,0,0,0,0,0,0,0,0,0,0,0,0,0,0,0,0,0
1777530103.8957224,Right,0,0,0,0,0,0,0,0,0,0,0,0,0,0,0,0,0,0
1777530103.959647,Left,0,0,0,0,0,0,0,0,0,0,0,0,0,0,0,0,0,0
1777530103.959647,Right,0,0,0,0,0,0,0,0,0,0,0,0,0,0,0,0,0,0
1777530104.1021879,Left,0,0,0,0,0,0,0,0,0,0,0,0,0,0,0,0,0,0
1777530104.1021879,Right,0,0,0,0,0,0,0,0,0,0,0,0,0,0,0,0,0,0
1777530104.1307905,Left,0,0,0,0,0,0,0,0,0,0,0,0,0,0,0,0,0,0
1777530104.1307905,Right,0,0,0,0,0,0,0,0,0,0,0,0,0,0,0,0,0,0
1777530104.2928112,Left,0,0,0,0,0,0,0,0,0,0,0,0,0,0,0,0,0,0
1777530104.2928112,Right,0,0,0,0,0,0,0,0,0,0,0,0,0,0,0,0,0,0
1777530104.3021479,Left,0,0,0,0,0,0,0,0,0,0,0,0,0,0,0,0,0,0
1777530104.3021479,Right,0,0,0,0,0,0,0,0,0,0,0,0,0,0,0,0,0,0
1777530104.4808657,Left,0,0,0,0,0,0,0,0,0,0,0,0,0,0,0,0,0,0
1777530104.4808657,Right,0,0,0,0,0,0,0,0,0,0,0,0,0,0,0,0,0,0
1777530104.5103846,Left,0,0,0,0,0,0,0,0,0,0,0,0,0,0,0,0,0,0
1777530104.5103846,Right,0,0,0,0,0,0,0,0,0,0,0,0,0,0,0,0,0,0
1777530104.5980585,Left,0,0,0,0,0,0,0,0,0,0,0,0,0,0,0,0,0,0
1777530104.5980585,Right,0,0,0,0,0,0,0,0,0,0,0,0,0,0,0,0,0,0
1777530104.6557217,Left,0,0,0,0,0,0,0,0,0,0,0,0,0,0,0,0,0,0
1777530104.6557217,Right,0,0,0,0,0,0,0,0,0,0,0,0,0,0,0,0,0,0
1777530104.7752943,Left,0,0,0,0,0,0,0,0,0,0,0,0,0,0,0,0,0,0
1777530104.7752943,Right,0,0,0,0,0,0,0,0,0,0,0,0,0,0,0,0,0,0
1777530104.788322,Left,0,0,0,0,0,0,0,0,0,0,0,0,0,0,0,0,0,0
1777530104.788322,Right,0,0,0,0,0,0,0,0,0,0,0,0,0,0,0,0,0,0
1777530104.9319823,Left,0,0,0,0,0,0,0,0,0,0,0,0,0,0,0,0,0,0
1777530104.9319823,Right,0,0,0,0,0,0,0,0,0,0,0,0,0,0,0,0,0,0
1777530105.023317,Left,0,0,0,0,0,0,0,0,0,0,0,0,0,0,0,0,0,0
1777530105.023317,Right,0,0,0,0,0,0,0,0,0,0,0,0,0,0,0,0,0,0
1777530105.1039217,Left,0,0,0,0,0,0,0,0,0,0,0,0,0,0,0,0,0,0
1777530105.1039217,Right,0,0,0,0,0,0,0,0,0,0,0,0,0,0,0,0,0,0
1777530105.1808896,Left,0,0,0,0,0,0,0,0,0,0,0,0,0,0,0,0,0,0
1777530105.1808896,Right,0,0,0,0,0,0,0,0,0,0,0,0,0,0,0,0,0,0
1777530105.354645,Left,0,0,0,0,0,0,0,0,0,0,0,0,0,0,0,0,0,0
1777530105.354645,Right,0,0,0,0,0,0,0,0,0,0,0,0,0,0,0,0,0,0
1777530105.3812475,Left,0,0,0,0,0,0,0,0,0,0,0,0,0,0,0,0,0,0
1777530105.3812475,Right,0,0,0,0,0,0,0,0,0,0,0,0,0,0,0,0,0,0
1777530105.4620636,Left,0,0,0,0,0,0,0,0,0,0,0,0,0,0,0,0,0,0
1777530105.4620636,Right,0,0,0,0,0,0,0,0,0,0,0,0,0,0,0,0,0,0
1777530105.5563369,Left,0,0,0,0,0,0,0,0,0,0,0,0,0,0,0,0,0,0
1777530105.5563369,Right,0,0,0,0,0,0,0,0,0,0,0,0,0,0,0,0,0,0
1777530105.7121713,Left,0,0,0,0,0,0,0,0,0,0,0,0,0,0,0,0,0,0
1777530105.7121713,Right,0,0,0,0,0,0,0,0,0,0,0,0,0,0,0,0,0,0
1777530105.8831754,Left,0,0,0,0,0,0,0,0,0,0,0,0,0,0,0,0,0,0
1777530105.8831754,Right,0,0,0,0,0,0,0,0,0,0,0,0,0,0,0,0,0,0
1777530105.9046912,Left,0,0,0,0,0,0,0,0,0,0,0,0,0,0,0,0,0,0
1777530105.9046912,Right,0,0,0,0,0,0,0,0,0,0,0,0,0,0,0,0,0,0
1777530106.029613,Left,0,0,0,0,0,0,0,0,0,0,0,0,0,0,0,0,0,0
1777530106.029613,Right,0,0,0,0,0,0,0,0,0,0,0,0,0,0,0,0,0,0
1777530106.0461226,Left,0,0,0,0,0,0,0,0,0,0,0,0,0,0,0,0,0,0
1777530106.0461226,Right,0,0,0,0,0,0,0,0,0,0,0,0,0,0,0,0,0,0
1777530106.2357585,Left,0,0,0,0,0,0,0,0,0,0,0,0,0,0,0,0,0,0
1777530106.2357585,Right,0,0,0,0,0,0,0,0,0,0,0,0,0,0,0,0,0,0
1777530106.4026752,Left,0,0,0,0,0,0,0,0,0,0,0,0,0,0,0,0,0,0
1777530106.4026752,Right,0,0,0,0,0,0,0,0,0,0,0,0,0,0,0,0,0,0
1777530106.4213426,Left,0,0,0,0,0,0,0,0,0,0,0,0,0,0,0,0,0,0
1777530106.4213426,Right,0,0,0,0,0,0,0,0,0,0,0,0,0,0,0,0,0,0
1777530106.5632699,Left,0,0,0,0,0,0,0,0,0,0,0,0,0,0,0,0,0,0
1777530106.5632699,Right,0,0,0,0,0,0,0,0,0,0,0,0,0,0,0,0,0,0
1777530106.5910044,Left,0,0,0,0,0,0,0,0,0,0,0,0,0,0,0,0,0,0
1777530106.5910044,Right,0,0,0,0,0,0,0,0,0,0,0,0,0,0,0,0,0,0
1777530106.7057962,Left,0,0,0,0,0,0,0,0,0,0,0,0,0,0,0,0,0,0
1777530106.7057962,Right,0,0,0,0,0,0,0,0,0,0,0,0,0,0,0,0,0,0
1777530106.790266,Left,0,0,0,0,0,0,0,0,0,0,0,0,0,0,0,0,0,0
1777530106.790266,Right,0,0,0,0,0,0,0,0,0,0,0,0,0,0,0,0,0,0
1777530106.9360845,Left,0,0,0,0,0,0,0,0,0,0,0,0,0,0,0,0,0,0
1777530106.9360845,Right,0,0,0,0,0,0,0,0,0,0,0,0,0,0,0,0,0,0
1777530106.9514446,Left,0,0,0,0,0,0,0,0,0,0,0,0,0,0,0,0,0,0
1777530106.9514446,Right,0,0,0,0,0,0,0,0,0,0,0,0,0,0,0,0,0,0
1777530107.0715466,Left,0,0,0,0,0,0,0,0,0,0,0,0,0,0,0,0,0,0
1777530107.0715466,Right,0,0,0,0,0,0,0,0,0,0,0,0,0,0,0,0,0,0
1777530107.106762,Left,0,0,0,0,0,0,0,0,0,0,0,0,0,0,0,0,0,0
1777530107.106762,Right,0,0,0,0,0,0,0,0,0,0,0,0,0,0,0,0,0,0
1777530107.412272,Left,0,0,0,0,0,0,0,0,0,0,0,0,0,0,0,0,0,0
1777530107.412272,Right,0,0,0,0,0,0,0,0,0,0,0,0,0,0,0,0,0,0
1777530107.518962,Left,0,0,0,0,0,0,0,0,0,0,0,0,0,0,0,0,0,0
1777530107.518962,Right,0,0,0,0,0,0,0,0,0,0,0,0,0,0,0,0,0,0
1777530107.6002061,Left,0,0,0,0,0,0,0,0,0,0,0,0,0,0,0,0,0,0
1777530107.6002061,Right,0,0,0,0,0,0,0,0,0,0,0,0,0,0,0,0,0,0
1777530107.7513003,Left,0,0,0,0,0,0,0,0,0,0,0,0,0,0,0,0,0,0
1777530107.7513003,Right,0,0,0,0,0,0,0,0,0,0,0,0,0,0,0,0,0,0
1777530107.8218791,Left,0,0,0,0,0,0,0,0,0,0,0,0,0,0,0,0,0,0
1777530107.8218791,Right,0,0,0,0,0,0,0,0,0,0,0,0,0,0,0,0,0,0
1777530107.8841918,Left,0,0,0,0,0,0,0,0,0,0,0,0,0,0,0,0,0,0
1777530107.8841918,Right,0,0,0,0,0,0,0,0,0,0,0,0,0,0,0,0,0,0
1777530107.9904485,Left,0,0,0,0,0,0,0,0,0,0,0,0,0,0,0,0,0,0
1777530107.9904485,Right,0,0,0,0,0,0,0,0,0,0,0,0,0,0,0,0,0,0
1777530108.0526114,Left,0,0,0,0,0,0,0,0,0,0,0,0,0,0,0,0,0,0
1777530108.0526114,Right,0,0,0,0,0,0,0,0,0,0,0,0,0,0,0,0,0,0
1777530108.2588568,Left,0,0,0,0,0,0,0,0,0,0,0,0,0,0,0,0,0,0
1777530108.2588568,Right,0,0,0,0,0,0,0,0,0,0,0,0,0,0,0,0,0,0
1777530108.359835,Left,0,0,0,0,0,0,0,0,0,0,0,0,0,0,0,0,0,0
1777530108.359835,Right,0,0,0,0,0,0,0,0,0,0,0,0,0,0,0,0,0,0
1777530108.3787875,Left,0,0,0,0,0,0,0,0,0,0,0,0,0,0,0,0,0,0
1777530108.3787875,Right,0,0,0,0,0,0,0,0,0,0,0,0,0,0,0,0,0,0
1777530108.5202627,Left,0,0,0,0,0,0,0,0,0,0,0,0,0,0,0,0,0,0
1777530108.5202627,Right,0,0,0,0,0,0,0,0,0,0,0,0,0,0,0,0,0,0
1777530108.5988228,Left,0,0,0,0,0,0,0,0,0,0,0,0,0,0,0,0,0,0
1777530108.5988228,Right,0,0,0,0,0,0,0,0,0,0,0,0,0,0,0,0,0,0
1777530108.7522428,Left,0,0,0,0,0,0,0,0,0,0,0,0,0,0,0,0,0,0
1777530108.7522428,Right,0,0,0,0,0,0,0,0,0,0,0,0,0,0,0,0,0,0
1777530108.8317325,Left,0,0,0,0,0,0,0,0,0,0,0,0,0,0,0,0,0,0
1777530108.8317325,Right,0,0,0,0,0,0,0,0,0,0,0,0,0,0,0,0,0,0
1777530108.989615,Left,0,0,0,0,0,0,0,0,0,0,0,0,0,0,0,0,0,0
1777530108.989615,Right,0,0,0,0,0,0,0,0,0,0,0,0,0,0,0,0,0,0
1777530109.0645893,Left,0,0,0,0,0,0,0,0,0,0,0,0,0,0,0,0,0,0
1777530109.0645893,Right,0,0,0,0,0,0,0,0,0,0,0,0,0,0,0,0,0,0
1777530109.1401103,Left,0,0,0,0,0,0,0,0,0,0,0,0,0,0,0,0,0,0
1777530109.1401103,Right,0,0,0,0,0,0,0,0,0,0,0,0,0,0,0,0,0,0
1777530109.2373955,Left,0,0,0,0,0,0,0,0,0,0,0,0,0,0,0,0,0,0
1777530109.2373955,Right,0,0,0,0,0,0,0,0,0,0,0,0,0,0,0,0,0,0
1777530109.3318489,Left,0,0,0,0,0,0,0,0,0,0,0,0,0,0,0,0,0,0
1777530109.3318489,Right,0,0,0,0,0,0,0,0,0,0,0,0,0,0,0,0,0,0
1777530109.3566732,Left,0,0,0,0,0,0,0,0,0,0,0,0,0,0,0,0,0,0
1777530109.3566732,Right,0,0,0,0,0,0,0,0,0,0,0,0,0,0,0,0,0,0
1777530109.5183263,Left,0,0,0,0,0,0,0,0,0,0,0,0,0,0,0,0,0,0
1777530109.5183263,Right,0,0,0,0,0,0,0,0,0,0,0,0,0,0,0,0,0,0
1777530109.6129491,Left,0,0,0,0,0,0,0,0,0,0,0,0,0,0,0,0,0,0
1777530109.6129491,Right,0,0,0,0,0,0,0,0,0,0,0,0,0,0,0,0,0,0
1777530109.6639497,Left,0,0,0,0,0,0,0,0,0,0,0,0,0,0,0,0,0,0
1777530109.6639497,Right,0,0,0,0,0,0,0,0,0,0,0,0,0,0,0,0,0,0
1777530109.7998502,Left,0,0,0,0,0,0,0,0,0,0,0,0,0,0,0,0,0,0
1777530109.7998502,Right,0,0,0,0,0,0,0,0,0,0,0,0,0,0,0,0,0,0
1777530109.8153174,Left,0,0,0,0,0,0,0,0,0,0,0,0,0,0,0,0,0,0
1777530109.8153174,Right,0,0,0,0,0,0,0,0,0,0,0,0,0,0,0,0,0,0
1777530110.0003703,Left,0,0,0,0,0,0,0,0,0,0,0,0,0,0,0,0,0,0
1777530110.0003703,Right,0,0,0,0,0,0,0,0,0,0,0,0,0,0,0,0,0,0
1777530110.130899,Left,0,0,0,0,0,0,0,0,0,0,0,0,0,0,0,0,0,0
1777530110.130899,Right,0,0,0,0,0,0,0,0,0,0,0,0,0,0,0,0,0,0
1777530110.2087479,Left,0,0,0,0,0,0,0,0,0,0,0,0,0,0,0,0,0,0
1777530110.2087479,Right,0,0,0,0,0,0,0,0,0,0,0,0,0,0,0,0,0,0
1777530110.4440577,Left,0,0,0,0,0,0,0,0,0,0,0,0,0,0,0,0,0,0
1777530110.4440577,Right,0,0,0,0,0,0,0,0,0,0,0,0,0,0,0,0,0,0
1777530110.4585102,Left,0,0,0,0,0,0,0,0,0,0,0,0,0,0,0,0,0,0
1777530110.4585102,Right,0,0,0,0,0,0,0,0,0,0,0,0,0,0,0,0,0,0
1777530110.5638328,Left,0,0,0,0,0,0,0,0,0,0,0,0,0,0,0,0,0,0
1777530110.5638328,Right,0,0,0,0,0,0,0,0,0,0,0,0,0,0,0,0,0,0
1777530110.583813,Left,0,0,0,0,0,0,0,0,0,0,0,0,0,0,0,0,0,0
1777530110.583813,Right,0,0,0,0,0,0,0,0,0,0,0,0,0,0,0,0,0,0
1777530110.7319717,Left,0,0,0,0,0,0,0,0,0,0,0,0,0,0,0,0,0,0
1777530110.7319717,Right,0,0,0,0,0,0,0,0,0,0,0,0,0,0,0,0,0,0
1777530110.7856717,Left,0,0,0,0,0,0,0,0,0,0,0,0,0,0,0,0,0,0
1777530110.7856717,Right,0,0,0,0,0,0,0,0,0,0,0,0,0,0,0,0,0,0
1777530110.9707735,Left,0,0,0,0,0,0,0,0,0,0,0,0,0,0,0,0,0,0
1777530110.9707735,Right,0,0,0,0,0,0,0,0,0,0,0,0,0,0,0,0,0,0
1777530111.0461543,Left,0,0,0,0,0,0,0,0,0,0,0,0,0,0,0,0,0,0
1777530111.0461543,Right,0,0,0,0,0,0,0,0,0,0,0,0,0,0,0,0,0,0
1777530111.1258733,Left,0,0,0,0,0,0,0,0,0,0,0,0,0,0,0,0,0,0
1777530111.1258733,Right,0,0,0,0,0,0,0,0,0,0,0,0,0,0,0,0,0,0
1777530111.2739956,Left,0,0,0,0,0,0,0,0,0,0,0,0,0,0,0,0,0,0
1777530111.2739956,Right,0,0,0,0,0,0,0,0,0,0,0,0,0,0,0,0,0,0
1777530111.3026123,Left,0,0,0,0,0,0,0,0,0,0,0,0,0,0,0,0,0,0
1777530111.3026123,Right,0,0,0,0,0,0,0,0,0,0,0,0,0,0,0,0,0,0
1777530111.4083912,Left,0,0,0,0,0,0,0,0,0,0,0,0,0,0,0,0,0,0
1777530111.4083912,Right,0,0,0,0,0,0,0,0,0,0,0,0,0,0,0,0,0,0
1777530111.490037,Left,0,0,0,0,0,0,0,0,0,0,0,0,0,0,0,0,0,0
1777530111.490037,Right,0,0,0,0,0,0,0,0,0,0,0,0,0,0,0,0,0,0
1777530111.559626,Left,0,0,0,0,0,0,0,0,0,0,0,0,0,0,0,0,0,0
1777530111.559626,Right,0,0,0,0,0,0,0,0,0,0,0,0,0,0,0,0,0,0
1777530111.6916833,Left,0,0,0,0,0,0,0,0,0,0,0,0,0,0,0,0,0,0
1777530111.6916833,Right,0,0,0,0,0,0,0,0,0,0,0,0,0,0,0,0,0,0
1777530111.7689376,Left,0,0,0,0,0,0,0,0,0,0,0,0,0,0,0,0,0,0
1777530111.7689376,Right,0,0,0,0,0,0,0,0,0,0,0,0,0,0,0,0,0,0
1777530111.8066256,Left,0,0,0,0,0,0,0,0,0,0,0,0,0,0,0,0,0,0
1777530111.8066256,Right,0,0,0,0,0,0,0,0,0,0,0,0,0,0,0,0,0,0
1777530111.922722,Left,0,0,0,0,0,0,0,0,0,0,0,0,0,0,0,0,0,0
1777530111.922722,Right,0,0,0,0,0,0,0,0,0,0,0,0,0,0,0,0,0,0
1777530111.9523985,Left,0,0,0,0,0,0,0,0,0,0,0,0,0,0,0,0,0,0
1777530111.9523985,Right,0,0,0,0,0,0,0,0,0,0,0,0,0,0,0,0,0,0
1777530112.1414342,Left,0,0,0,0,0,0,0,0,0,0,0,0,0,0,0,0,0,0
1777530112.1414342,Right,0,0,0,0,0,0,0,0,0,0,0,0,0,0,0,0,0,0
1777530112.2036276,Left,0,0,0,0,0,0,0,0,0,0,0,0,0,0,0,0,0,0
1777530112.2036276,Right,0,0,0,0,0,0,0,0,0,0,0,0,0,0,0,0,0,0
1777530112.3419797,Left,0,0,0,0,0,0,0,0,0,0,0,0,0,0,0,0,0,0
1777530112.3419797,Right,0,0,0,0,0,0,0,0,0,0,0,0,0,0,0,0,0,0
1777530112.3754122,Left,0,0,0,0,0,0,0,0,0,0,0,0,0,0,0,0,0,0
1777530112.3754122,Right,0,0,0,0,0,0,0,0,0,0,0,0,0,0,0,0,0,0
1777530112.466273,Left,0,0,0,0,0,0,0,0,0,0,0,0,0,0,0,0,0,0
1777530112.466273,Right,0,0,0,0,0,0,0,0,0,0,0,0,0,0,0,0,0,0
1777530112.500778,Left,0,0,0,0,0,0,0,0,0,0,0,0,0,0,0,0,0,0
1777530112.500778,Right,0,0,0,0,0,0,0,0,0,0,0,0,0,0,0,0,0,0
1777530112.62532,Left,0,0,0,0,0,0,0,0,0,0,0,0,0,0,0,0,0,0
1777530112.62532,Right,0,0,0,0,0,0,0,0,0,0,0,0,0,0,0,0,0,0
1777530112.6704338,Left,0,0,0,0,0,0,0,0,0,0,0,0,0,0,0,0,0,0
1777530112.6704338,Right,0,0,0,0,0,0,0,0,0,0,0,0,0,0,0,0,0,0
1777530112.782543,Left,0,0,0,0,0,0,0,0,0,0,0,0,0,0,0,0,0,0
1777530112.782543,Right,0,0,0,0,0,0,0,0,0,0,0,0,0,0,0,0,0,0
1777530112.8150947,Left,0,0,0,0,0,0,0,0,0,0,0,0,0,0,0,0,0,0
1777530112.8150947,Right,0,0,0,0,0,0,0,0,0,0,0,0,0,0,0,0,0,0
1777530113.0420187,Left,0,0,0,0,0,0,0,0,0,0,0,0,0,0,0,0,0,0
1777530113.0420187,Right,0,0,0,0,0,0,0,0,0,0,0,0,0,0,0,0,0,0
1777530113.2055452,Left,0,0,0,0,0,0,0,0,0,0,0,0,0,0,0,0,0,0
1777530113.2055452,Right,0,0,0,0,0,0,0,0,0,0,0,0,0,0,0,0,0,0
1777530113.369969,Left,0,0,0,0,0,0,0,0,0,0,0,0,0,0,0,0,0,0
1777530113.369969,Right,0,0,0,0,0,0,0,0,0,0,0,0,0,0,0,0,0,0
1777530113.442942,Left,0,0,0,0,0,0,0,0,0,0,0,0,0,0,0,0,0,0
1777530113.442942,Right,0,0,0,0,0,0,0,0,0,0,0,0,0,0,0,0,0,0
1777530113.6314197,Left,0,0,0,0,0,0,0,0,0,0,0,0,0,0,0,0,0,0
1777530113.6314197,Right,0,0,0,0,0,0,0,0,0,0,0,0,0,0,0,0,0,0
1777530113.6430788,Left,0,0,0,0,0,0,0,0,0,0,0,0,0,0,0,0,0,0
1777530113.6430788,Right,0,0,0,0,0,0,0,0,0,0,0,0,0,0,0,0,0,0
1777530113.7514665,Left,0,0,0,0,0,0,0,0,0,0,0,0,0,0,0,0,0,0
1777530113.7514665,Right,0,0,0,0,0,0,0,0,0,0,0,0,0,0,0,0,0,0
1777530113.890072,Left,0,0,0,0,0,0,0,0,0,0,0,0,0,0,0,0,0,0
1777530113.890072,Right,0,0,0,0,0,0,0,0,0,0,0,0,0,0,0,0,0,0
1777530114.0225194,Left,0,0,0,0,0,0,0,0,0,0,0,0,0,0,0,0,0,0
1777530114.0225194,Right,0,0,0,0,0,0,0,0,0,0,0,0,0,0,0,0,0,0
1777530114.157293,Left,0,0,0,0,0,0,0,0,0,0,0,0,0,0,0,0,0,0
1777530114.157293,Right,0,0,0,0,0,0,0,0,0,0,0,0,0,0,0,0,0,0
