session_id,trial_id,timestamp_wall,timestamp_mono,side,seq,sensor_0,sensor_1,sensor_2,sensor_3,sensor_4,sensor_5,sensor_6,sensor_7,sensor_8,sensor_9,sensor_10,sensor_11,sensor_12,sensor_13,sensor_14,sensor_15,sensor_16,sensor_17
independent_20260430_071409,trial_001,1777504450.6135125,227241.5888097,Left,1,0,0,58633,57869,0,0,0,0,63758,54029,39169,0,0,0,6665,49409,36608,0
independent_20260430_071409,trial_001,1777504450.6726694,227241.6487871,Left,2,0,0,57866,8976,0,0,0,0,37392,20752,56834,0,0,0,0,0,0,0
independent_20260430_071409,trial_001,1777504450.7024128,227241.678832,Left,3,0,0,22027,529,0,0,0,0,34577,41233,35331,0,0,0,0,0,0,0
independent_20260430_071409,trial_001,1777504450.7635968,227241.7387764,Left,4,0,0,28939,24081,0,0,0,0,57617,43538,27140,0,0,0,0,0,0,0
independent_20260430_071409,trial_001,1777504450.8230581,227241.7987833,Left,5,0,0,21771,52752,0,0,0,0,50193,32786,35332,0,0,0,0,0,0,0
independent_20260430_071409,trial_001,1777504450.8836231,227241.858854,Left,6,0,0,17931,16144,0,0,0,0,46097,18706,36612,0,0,0,0,0,0,0
independent_20260430_071409,trial_001,1777504450.9135535,227241.8887702,Left,7,0,0,23051,11536,0,0,0,0,42257,31762,29700,0,0,0,0,0,0,0
independent_20260430_071409,trial_001,1777504450.9727945,227241.9487617,Left,8,0,0,17163,63247,0,0,0,0,37137,16402,13316,0,0,0,0,0,0,0
independent_20260430_071409,trial_001,1777504450.9778876,227241.9528997,Left,9,0,0,61705,33805,0,0,0,0,35343,64270,12546,0,0,0,0,0,0,0
independent_20260430_071409,trial_001,1777504451.0385256,227242.0135272,Left,10,0,0,51718,1031,0,0,0,0,46090,64775,0,0,0,0,0,0,0,0
independent_20260430_071409,trial_001,1777504451.123052,227242.0988357,Left,11,0,0,34307,16385,0,0,0,0,51461,54017,0,0,0,0,0,0,0,0
independent_20260430_071409,trial_001,1777504451.1836214,227242.1587674,Left,12,0,0,3841,0,0,0,0,0,51201,0,0,0,0,0,0,0,0,0
independent_20260430_071409,trial_001,1777504451.24273,227242.2188037,Left,13,0,0,0,0,0,0,0,0,0,0,0,0,0,0,0,0,0,0
independent_20260430_071409,trial_001,1777504451.2732537,227242.2488357,Left,14,0,0,0,0,0,0,0,0,0,0,0,0,0,0,0,0,0,0
independent_20260430_071409,trial_001,1777504451.332292,227242.3088113,Left,15,0,0,0,0,0,0,0,0,0,0,0,0,0,0,0,0,0,0
independent_20260430_071409,trial_001,1777504451.393336,227242.3688236,Left,16,0,0,0,0,0,0,0,0,0,0,0,0,0,0,0,0,0,0
independent_20260430_071409,trial_001,1777504451.4537418,227242.4288256,Left,17,0,0,0,0,0,0,0,0,0,0,0,0,0,0,0,0,0,0
independent_20260430_071409,trial_001,1777504451.4836302,227242.4589332,Left,18,0,0,0,0,0,0,0,0,0,0,0,0,0,0,0,0,0,0
independent_20260430_071409,trial_001,1777504451.4884672,227242.4635137,Left,19,0,0,0,0,0,0,0,0,0,0,0,0,0,0,0,0,0,0
independent_20260430_071409,trial_001,1777504451.5479865,227242.5230364,Left,20,0,0,0,0,0,0,0,0,0,0,0,0,0,0,0,0,0,0
independent_20260430_071409,trial_001,1777504451.6634514,227242.638746,Left,21,0,0,0,0,0,0,0,0,0,0,0,0,0,0,0,0,0,0
independent_20260430_071409,trial_001,1777504451.6931033,227242.6688181,Left,22,0,0,0,0,0,0,0,0,0,0,0,0,0,0,0,0,0,0
independent_20260430_071409,trial_001,1777504451.7535257,227242.7288127,Left,23,0,0,0,0,0,0,0,0,0,0,0,0,0,0,0,0,0,0
independent_20260430_071409,trial_001,1777504451.813385,227242.7887911,Left,24,0,0,0,0,0,0,0,0,0,0,0,0,0,0,0,0,0,0
independent_20260430_071409,trial_001,1777504451.8428848,227242.8188111,Left,25,0,0,51200,0,0,0,0,0,22784,0,0,0,0,0,0,0,0,0
independent_20260430_071409,trial_001,1777504451.9033513,227242.8787813,Left,26,0,0,51972,35843,0,0,0,0,50437,32257,0,0,0,0,0,0,0,0
independent_20260430_071409,trial_001,1777504451.9636028,227242.9388195,Left,27,0,0,64263,43783,0,0,0,0,27402,37382,0,0,0,0,0,0,0,0
independent_20260430_071409,trial_001,1777504452.0232606,227242.9987842,Left,28,0,0,9483,24332,6912,0,0,0,59149,50187,59649,0,0,0,0,0,0,0
independent_20260430_071409,trial_001,1777504452.028332,227243.0033504,Left,29,0,0,43276,18703,4354,0,0,0,48655,22286,13828,0,0,0,0,0,0,0
independent_20260430_071409,trial_001,1777504452.0587602,227243.0337671,Left,30,0,0,64780,41999,17155,0,0,0,30991,13838,8965,0,0,0,0,0,0,0
independent_20260430_071409,trial_001,1777504452.173524,227243.1487771,Left,31,0,0,59916,38158,30467,0,0,0,52238,35597,59908,0,0,0,0,0,0,0
independent_20260430_071409,trial_001,1777504452.2324667,227243.2088125,Left,32,0,0,50444,39181,36355,0,0,0,6926,43276,39428,0,0,0,0,0,0,0
independent_20260430_071409,trial_001,1777504452.2635818,227243.2387979,Left,33,0,0,54028,36365,33539,0,0,0,526,56076,47876,0,0,0,0,0,0,0
independent_20260430_071409,trial_001,1777504452.3223014,227243.2988389,Left,34,0,0,22029,30222,28419,0,0,0,62222,38925,6405,0,0,0,0,0,0,0
independent_20260430_071409,trial_001,1777504452.3825605,227243.3587858,Left,35,0,0,9230,30991,27651,0,0,0,51215,40462,12805,0,0,0,0,0,0,0
independent_20260430_071409,trial_001,1777504452.443214,227243.4188204,Left,36,0,0,50446,43280,28931,0,0,0,40976,39439,29445,0,0,0,0,0,0,0
independent_20260430_071409,trial_001,1777504452.47252,227243.4488167,Left,37,0,0,58894,65040,28419,0,0,0,60432,23568,51461,0,0,0,0,0,0,0
independent_20260430_071409,trial_001,1777504452.5336974,227243.5087994,Left,38,0,0,54286,53776,14851,0,0,0,273,8720,40709,0,0,0,0,0,0,0
independent_20260430_071409,trial_001,1777504452.5384617,227243.5136287,Left,39,0,0,55566,19216,23555,0,0,0,24848,29967,43013,0,0,0,0,0,0,0
independent_20260430_071409,trial_001,1777504452.59848,227243.5735057,Left,40,0,0,35598,34831,26371,0,0,0,9232,8207,41989,0,0,0,0,0,0,0
independent_20260430_071409,trial_001,1777504452.6836917,227243.658928,Left,41,0,0,32782,15887,15363,0,0,0,63247,55566,26117,0,0,0,0,0,0,0
independent_20260430_071409,trial_001,1777504452.7425938,227243.7188329,Left,42,0,0,26381,13581,60673,0,0,0,19982,21260,37891,0,0,0,0,0,0,0
independent_20260430_071409,trial_001,1777504452.8036883,227243.778929,Left,43,0,0,60169,32775,0,0,0,0,2314,19206,3840,0,0,0,0,0,0,0
independent_20260430_071409,trial_001,1777504452.8331668,227243.8087797,Left,44,0,0,10501,18177,0,0,0,0,38404,20736,0,0,0,0,0,0,0,0
independent_20260430_071409,trial_001,1777504452.892737,227243.8688118,Left,45,0,0,14849,0,0,0,0,0,25088,0,0,0,0,0,0,0,0,0
independent_20260430_071409,trial_001,1777504452.953366,227243.9288877,Left,46,0,0,21248,0,0,0,0,0,0,0,0,0,0,0,0,0,0,0
independent_20260430_071409,trial_001,1777504453.0123322,227243.9888059,Left,47,0,0,12032,0,0,0,0,0,0,0,0,0,0,0,0,0,0,0
independent_20260430_071409,trial_001,1777504453.0434458,227244.0188268,Left,48,0,0,0,0,0,0,0,0,0,0,0,0,0,0,0,0,0,0
independent_20260430_071409,trial_001,1777504453.0482068,227244.0233171,Left,49,0,0,0,0,0,0,0,0,0,0,0,0,0,0,0,0,0,0
independent_20260430_071409,trial_001,1777504453.108389,227244.0834279,Left,50,0,0,0,0,0,0,0,0,0,0,0,0,0,0,0,0,0,0
independent_20260430_071409,trial_001,1777504453.223429,227244.19887,Left,51,0,0,0,0,0,0,0,0,0,0,0,0,0,0,0,0,0,0
independent_20260430_071409,trial_001,1777504453.2535117,227244.2288431,Left,52,0,0,0,0,0,0,0,0,0,0,0,0,0,0,0,0,0,0
independent_20260430_071409,trial_001,1777504453.313201,227244.2888102,Left,53,0,0,0,0,0,0,0,0,0,0,0,0,0,0,0,0,0,0
independent_20260430_071409,trial_001,1777504453.3729243,227244.3488534,Left,54,0,0,0,0,0,0,0,0,0,0,0,0,0,0,0,0,0,0
independent_20260430_071409,trial_001,1777504453.4036987,227244.3788404,Left,55,0,0,0,0,0,0,0,0,0,0,0,0,0,0,0,0,0,0
independent_20260430_071409,trial_001,1777504453.4638743,227244.4388343,Left,56,0,0,0,0,0,0,0,0,0,0,0,0,0,0,0,0,0,0
independent_20260430_071409,trial_001,1777504453.5236068,227244.4988434,Left,57,0,0,0,0,0,0,0,0,0,0,0,0,0,0,0,0,0,0
independent_20260430_071409,trial_001,1777504453.5825474,227244.5588322,Left,58,0,0,18176,0,0,0,0,0,1793,0,0,0,0,0,0,0,0,0
independent_20260430_071409,trial_001,1777504453.588233,227244.5633694,Left,59,0,0,7427,46848,0,0,0,0,19204,0,0,0,0,0,0,0,0,0
independent_20260430_071409,trial_001,1777504453.6180494,227244.5930892,Left,60,0,0,9223,44036,0,0,0,0,53512,57858,0,0,0,0,0,0,0,0
independent_20260430_071409,trial_001,1777504453.7325833,227244.7088399,Left,61,0,0,51465,44552,0,0,0,0,47116,43527,47360,0,0,0,0,0,0,0
independent_20260430_071409,trial_001,1777504453.7935863,227244.7688233,Left,62,0,0,28683,53770,46849,0,0,0,20750,19978,20227,0,0,0,0,0,0,0
independent_20260430_071409,trial_001,1777504453.8229504,227244.7988123,Left,63,0,0,5900,46091,37378,0,0,0,35086,57610,14084,0,0,0,0,0,0,0
independent_20260430_071409,trial_001,1777504453.8825119,227244.8589318,Left,64,0,0,7436,6923,52226,0,0,0,6414,39178,25348,0,0,0,0,0,0,0
independent_20260430_071409,trial_001,1777504453.973757,227244.9488585,Left,65,0,0,47883,47626,47618,0,0,0,53005,11018,7684,0,0,0,0,0,0,0
independent_20260430_071409,trial_001,1777504453.9801626,227244.9552081,Left,66,0,0,4364,62730,4355,0,0,0,9742,25610,23812,0,0,0,0,0,0,0
independent_20260430_071409,trial_001,1777504454.0337174,227245.0088363,Left,67,0,0,29708,9995,9475,0,0,0,39438,50954,37636,0,0,0,0,0,0,0
independent_20260430_071409,trial_001,1777504454.0933676,227245.0688322,Left,68,0,0,37388,55307,5635,0,0,0,25359,32267,39428,0,0,0,0,0,0,0
independent_20260430_071409,trial_001,1777504454.0983996,227245.0734073,Left,69,0,0,14349,44556,12803,0,0,0,54799,11788,46084,0,0,0,0,0,0,0
independent_20260430_071409,trial_001,1777504454.1584163,227245.1334547,Left,70,0,0,35853,7181,15875,0,0,0,9488,34316,48132,0,0,0,0,0,0,0
independent_20260430_071409,trial_001,1777504454.2435315,227245.2188332,Left,71,0,0,57613,16397,55298,0,0,0,3856,45836,15620,0,0,0,0,0,0,0
independent_20260430_071409,trial_001,1777504454.3024616,227245.278851,Left,72,0,0,3597,3340,2817,0,0,0,4111,10251,11010,0,0,0,0,0,0,0
independent_20260430_071409,trial_001,1777504454.3632855,227245.3388693,Left,73,0,0,21003,12297,0,0,0,0,49420,24584,18176,0,0,0,0,0,0,0
independent_20260430_071409,trial_001,1777504454.393311,227245.368876,Left,74,0,0,37895,4612,0,0,0,0,7944,39427,0,0,0,0,0,0,0,0
independent_20260430_071409,trial_001,1777504454.4538589,227245.4288766,Left,75,0,0,35075,6656,0,0,0,0,49667,0,0,0,0,0,0,0,0,0
independent_20260430_071409,trial_001,1777504454.513266,227245.4888614,Left,76,0,0,56320,0,0,0,0,0,17920,0,0,0,0,0,0,0,0,0
independent_20260430_071409,trial_001,1777504454.5738285,227245.5488385,Left,77,0,0,0,0,0,0,0,0,0,0,0,0,0,0,0,0,0,0
independent_20260430_071409,trial_001,1777504454.604202,227245.5791645,Left,78,0,0,0,0,0,0,0,0,0,0,0,0,0,0,0,0,0,0
independent_20260430_071409,trial_001,1777504454.6087828,227245.5837763,Left,79,0,0,0,0,0,0,0,0,0,0,0,0,0,0,0,0,0,0
independent_20260430_071409,trial_001,1777504454.668061,227245.6431095,Left,80,0,0,0,0,0,0,0,0,0,0,0,0,0,0,0,0,0,0
independent_20260430_071409,trial_001,1777504454.7831428,227245.7588151,Left,81,0,0,0,0,0,0,0,0,0,0,0,0,0,0,0,0,0,0
independent_20260430_071409,trial_001,1777504454.8138635,227245.7888461,Left,82,0,0,0,0,0,0,0,0,0,0,0,0,0,0,0,0,0,0
independent_20260430_071409,trial_001,1777504454.8729923,227245.8488225,Left,83,0,0,0,0,0,0,0,0,0,0,0,0,0,0,0,0,0,0
independent_20260430_071409,trial_001,1777504454.9330523,227245.9088517,Left,84,0,0,0,0,0,0,0,0,0,0,0,0,0,0,0,0,0,0
independent_20260430_071409,trial_001,1777504454.963628,227245.9388891,Left,85,0,0,0,0,0,0,0,0,0,0,0,0,0,0,0,0,0,0
independent_20260430_071409,trial_001,1777504455.0232534,227245.9988286,Left,86,0,0,0,0,0,0,0,0,0,0,0,0,0,0,0,0,0,0
independent_20260430_071409,trial_001,1777504455.0822184,227246.0588313,Left,87,0,0,0,0,0,0,0,0,0,0,0,0,0,0,0,0,0,0
independent_20260430_071409,trial_001,1777504455.1437316,227246.1188757,Left,88,0,0,0,0,0,0,0,0,0,0,0,0,0,0,0,0,0,0
independent_20260430_071409,trial_001,1777504455.1485717,227246.1237647,Left,89,0,0,0,0,0,0,0,0,0,0,0,0,0,0,0,0,0,0
independent_20260430_071409,trial_001,1777504455.1781714,227246.1531759,Left,90,0,0,0,0,0,0,0,0,0,0,0,0,0,0,0,0,0,0
independent_20260430_071409,trial_001,1777504455.293283,227246.2688377,Left,91,0,0,0,0,0,0,0,0,0,0,0,0,0,0,0,0,0,0
independent_20260430_071409,trial_001,1777504455.3542528,227246.3292216,Left,92,0,0,15105,0,0,0,0,0,40193,0,0,0,0,0,0,0,0,0
independent_20260430_071409,trial_001,1777504455.382664,227246.3588459,Left,93,0,0,46852,40194,0,0,0,0,62213,16641,0,0,0,0,0,0,0,0
independent_20260430_071409,trial_001,1777504455.442959,227246.4188539,Left,94,0,0,5640,42246,0,0,0,0,8715,5126,0,0,0,0,0,0,0,0
independent_20260430_071409,trial_001,1777504455.5025146,227246.4788305,Left,95,0,0,16394,267,54784,0,0,0,51982,11,2562,0,0,0,0,0,0,0
independent_20260430_071409,trial_001,1777504455.5632284,227246.5388868,Left,96,0,0,4875,14860,19714,0,0,0,26383,11532,54531,0,0,0,0,0,0,0
independent_20260430_071409,trial_001,1777504455.5931811,227246.5689359,Left,97,0,0,65034,34315,25090,0,0,0,35086,34315,56579,0,0,0,0,0,0,0
independent_20260430_071409,trial_001,1777504455.6534147,227246.6289093,Left,98,0,0,63242,47626,25346,0,0,0,11022,53770,54275,0,0,0,0,0,0,0
independent_20260430_071409,trial_001,1777504455.6585393,227246.6335447,Left,99,0,0,63754,7690,31746,0,0,0,28685,3082,260,0,0,0,0,0,0,0
independent_20260430_071409,trial_001,1777504455.7184615,227246.6935172,Left,100,0,0,64522,48649,44802,0,0,0,30733,38409,5892,0,0,0,0,0,0,0
independent_20260430_071409,trial_001,1777504455.8034556,227246.7789017,Left,101,0,0,12811,52745,56578,0,0,0,48909,62217,21764,0,0,0,0,0,0,0
independent_20260430_071409,trial_001,1777504455.8936706,227246.868862,Left,102,0,0,56075,45834,5635,0,0,0,39950,7947,57860,0,0,0,0,0,0,0
independent_20260430_071409,trial_001,1777504455.9239218,227246.8988699,Left,103,0,0,44044,58635,22019,0,0,0,29199,11788,9477,0,0,0,0,0,0,0
independent_20260430_071409,trial_001,1777504455.9532619,227246.9288694,Left,104,0,0,7693,63244,12803,0,0,0,25104,16397,4357,0,0,0,0,0,0,0
independent_20260430_071409,trial_001,1777504456.0126083,227246.9888505,Left,105,0,0,57613,11534,4611,0,0,0,11793,28686,64516,0,0,0,0,0,0,0
independent_20260430_071409,trial_001,1777504456.0734184,227247.0488478,Left,106,0,0,24846,14351,4867,0,0,0,62225,32783,58116,0,0,0,0,0,0,0
independent_20260430_071409,trial_001,1777504456.133913,227247.1089445,Left,107,0,0,19983,6416,51714,0,0,0,60690,46864,44804,0,0,0,0,0,0,0
independent_20260430_071409,trial_001,1777504456.1926894,227247.1688762,Left,108,0,0,54543,57616,25090,0,0,0,13331,13073,3332,0,0,0,0,0,0,0
independent_20260430_071409,trial_001,1777504456.1983426,227247.1733755,Left,109,0,0,41485,38157,12544,0,0,0,20240,11021,15617,0,0,0,0,0,0,0
independent_20260430_071409,trial_001,1777504456.2284105,227247.2034834,Left,110,0,0,2824,53252,0,0,0,0,54024,61188,0,0,0,0,0,0,0,0
independent_20260430_071409,trial_001,1777504456.3437302,227247.3188395,Left,111,0,0,29443,0,0,0,0,0,48130,0,0,0,0,0,0,0,0,0
independent_20260430_071409,trial_001,1777504456.4334168,227247.4088755,Left,112,0,0,36353,0,0,0,0,0,27648,0,0,0,0,0,0,0,0,0
independent_20260430_071409,trial_001,1777504456.440321,227247.4153644,Left,113,0,0,17920,0,0,0,0,0,0,0,0,0,0,0,0,0,0,0
independent_20260430_071409,trial_001,1777504456.4933302,227247.4688855,Left,114,0,0,0,0,0,0,0,0,0,0,0,0,0,0,0,0,0,0
independent_20260430_071409,trial_001,1777504456.5536058,227247.5288698,Left,115,0,0,0,0,0,0,0,0,0,0,0,0,0,0,0,0,0,0
independent_20260430_071409,trial_001,1777504456.6134937,227247.5888443,Left,116,0,0,0,0,0,0,0,0,0,0,0,0,0,0,0,0,0,0
independent_20260430_071409,trial_001,1777504456.6430874,227247.6189671,Left,117,0,0,0,0,0,0,0,0,0,0,0,0,0,0,0,0,0,0
independent_20260430_071409,trial_001,1777504456.7030163,227247.6789253,Left,118,0,0,0,0,0,0,0,0,0,0,0,0,0,0,0,0,0,0
independent_20260430_071409,trial_001,1777504456.7089005,227247.6840072,Left,119,0,0,0,0,0,0,0,0,0,0,0,0,0,0,0,0,0,0
independent_20260430_071409,trial_001,1777504456.7382853,227247.7134271,Left,120,0,0,0,0,0,0,0,0,0,0,0,0,0,0,0,0,0,0
independent_20260430_071409,trial_001,1777504456.852583,227247.8288723,Left,121,0,0,0,0,0,0,0,0,0,0,0,0,0,0,0,0,0,0
independent_20260430_071409,trial_001,1777504456.9135127,227247.8888905,Left,122,0,0,0,0,0,0,0,0,0,0,0,0,0,0,0,0,0,0
independent_20260430_071409,trial_001,1777504456.9433522,227247.9188869,Left,123,0,0,0,0,0,0,0,0,0,0,0,0,0,0,0,0,0,0
independent_20260430_071409,trial_001,1777504457.0031419,227247.9789224,Left,124,0,0,0,0,0,0,0,0,0,0,0,0,0,0,0,0,0,0
independent_20260430_071409,trial_001,1777504457.063487,227248.0388605,Left,125,0,0,0,0,0,0,0,0,0,0,0,0,0,0,0,0,0,0
independent_20260430_071409,trial_001,1777504457.1223273,227248.0988352,Left,126,0,0,0,0,0,0,0,0,50688,0,0,0,0,0,0,0,0,0
independent_20260430_071409,trial_001,1777504457.1532795,227248.1290292,Left,127,0,0,63748,51202,0,0,0,0,42759,51713,0,0,0,0,0,0,0,0
independent_20260430_071409,trial_001,1777504457.212294,227248.1888738,Left,128,0,0,39687,64773,0,0,0,0,59403,58629,0,0,0,0,0,0,0,0
independent_20260430_071409,trial_001,1777504457.2181134,227248.1931389,Left,129,0,0,14602,64010,35328,0,0,0,46863,2827,20992,0,0,0,0,0,0,0
independent_20260430_071409,trial_001,1777504457.2786615,227248.2537448,Left,130,0,0,28427,11533,50177,0,0,0,17681,31757,53505,0,0,0,0,0,0,0
independent_20260430_071409,trial_001,1777504457.36238,227248.3388852,Left,131,0,0,54539,38413,7682,0,0,0,24081,43789,20738,0,0,0,0,0,0,0
independent_20260430_071409,trial_001,1777504457.4229271,227248.3989067,Left,132,0,0,28172,58637,7938,0,0,0,46097,65037,33026,0,0,0,0,0,0,0
independent_20260430_071409,trial_001,1777504457.4839642,227248.4590844,Left,133,0,0,2317,39438,5122,0,0,0,7442,2575,48642,0,0,0,0,0,0,0
independent_20260430_071409,trial_001,1777504457.5126605,227248.488881,Left,134,0,0,48653,40719,51713,0,0,0,13075,6672,47618,0,0,0,0,0,0,0
independent_20260430_071409,trial_001,1777504457.573807,227248.5490499,Left,135,0,0,11534,4368,62209,0,0,0,53779,49424,4867,0,0,0,0,0,0,0
independent_20260430_071409,trial_001,1777504457.6335506,227248.6093433,Left,136,0,0,42254,28944,57857,0,0,0,3860,15633,15107,0,0,0,0,0,0,0
independent_20260430_071409,trial_001,1777504457.6929,227248.6689045,Left,137,0,0,60942,41232,52481,0,0,0,13844,28689,23043,0,0,0,0,0,0,0
independent_20260430_071409,trial_001,1777504457.7229617,227248.6989304,Left,138,0,0,7439,43280,46849,0,0,0,15124,19473,20227,0,0,0,0,0,0,0
independent_20260430_071409,trial_001,1777504457.7281184,227248.7031335,Left,139,0,0,15631,25360,33281,0,0,0,5140,19985,8707,0,0,0,0,0,0,0
independent_20260430_071409,trial_001,1777504457.788724,227248.7637398,Left,140,0,0,18191,1808,15361,0,0,0,5652,4369,29186,0,0,0,0,0,0,0
independent_20260430_071409,trial_001,1777504457.9033937,227248.879014,Left,141,0,0,39693,27149,0,0,0,0,57361,50189,18944,0,0,0,0,0,0,0
independent_20260430_071409,trial_001,1777504457.9332309,227248.9089519,Left,142,0,0,15368,15876,0,0,0,0,4618,29956,0,0,0,0,0,0,0,0
independent_20260430_071409,trial_001,1777504457.9928565,227248.9689304,Left,143,0,0,22275,0,0,0,0,0,26115,0,0,0,0,0,0,0,0,0
independent_20260430_071409,trial_001,1777504458.0539815,227249.0289145,Left,144,0,0,39680,0,0,0,0,0,0,0,0,0,0,0,0,0,0,0
independent_20260430_071409,trial_001,1777504458.0831697,227249.0589225,Left,145,0,0,12288,0,0,0,0,0,0,0,0,0,0,0,0,0,0,0
independent_20260430_071409,trial_001,1777504458.1735823,227249.1488774,Left,146,0,0,0,0,0,0,0,0,0,0,0,0,0,0,0,0,0,0
independent_20260430_071409,trial_001,1777504458.2029517,227249.1789238,Left,147,0,0,0,0,0,0,0,0,0,0,0,0,0,0,0,0,0,0
independent_20260430_071409,trial_001,1777504458.2624326,227249.238901,Left,148,0,0,0,0,0,0,0,0,0,0,0,0,0,0,0,0,0,0
independent_20260430_071409,trial_001,1777504458.2680328,227249.243046,Left,149,0,0,0,0,0,0,0,0,0,0,0,0,0,0,0,0,0,0
independent_20260430_071409,trial_001,1777504458.298517,227249.2735393,Left,150,0,0,0,0,0,0,0,0,0,0,0,0,0,0,0,0,0,0
independent_20260430_071409,trial_001,1777504458.4137743,227249.3889112,Left,151,0,0,0,0,0,0,0,0,0,0,0,0,0,0,0,0,0,0
independent_20260430_071409,trial_001,1777504458.4735494,227249.448937,Left,152,0,0,0,0,0,0,0,0,0,0,0,0,0,0,0,0,0,0
independent_20260430_071409,trial_001,1777504458.5030606,227249.4789185,Left,153,0,0,0,0,0,0,0,0,0,0,0,0,0,0,0,0,0,0
independent_20260430_071409,trial_001,1777504458.5637252,227249.5389093,Left,154,0,0,0,0,0,0,0,0,0,0,0,0,0,0,0,0,0,0
independent_20260430_071409,trial_001,1777504458.623188,227249.5989196,Left,155,0,0,0,0,0,0,0,0,0,0,0,0,0,0,0,0,0,0
independent_20260430_071409,trial_001,1777504458.683662,227249.6589844,Left,156,0,0,0,0,0,0,0,0,0,0,0,0,0,0,0,0,0,0
independent_20260430_071409,trial_001,1777504458.713922,227249.6889551,Left,157,0,0,0,0,0,0,0,0,0,0,0,0,0,0,0,0,0,0
independent_20260430_071409,trial_001,1777504458.7738996,227249.748979,Left,158,0,0,0,0,0,0,0,0,0,0,0,0,0,0,0,0,0,0
independent_20260430_071409,trial_001,1777504458.7786078,227249.753657,Left,159,0,0,5376,0,0,0,0,0,13312,0,0,0,0,0,0,0,0,0
independent_20260430_071409,trial_001,1777504458.838461,227249.8134701,Left,160,0,0,4614,1796,0,0,0,0,63751,54786,0,0,0,0,0,0,0,0
independent_20260430_071409,trial_001,1777504458.9235272,227249.8988855,Left,161,0,0,59656,15368,0,0,0,0,48396,51976,0,0,0,0,0,0,0,0
independent_20260430_071409,trial_001,1777504458.9830725,227249.9589167,Left,162,0,0,58635,3085,44544,0,0,0,2576,10765,24066,0,0,0,0,0,0,0
independent_20260430_071409,trial_001,1777504459.0432682,227250.0188925,Left,163,0,0,15884,2062,34049,0,0,0,38928,12046,37891,0,0,0,0,0,0,0
independent_20260430_071409,trial_001,1777504459.0740483,227250.0490345,Left,164,0,0,38412,25614,22530,0,0,0,51216,16654,23044,0,0,0,0,0,0,0
independent_20260430_071409,trial_001,1777504459.1327882,227250.1089306,Left,165,0,0,23564,8717,62977,0,0,0,47119,17421,3076,0,0,0,0,0,0,0
independent_20260430_071409,trial_001,1777504459.1935203,227250.168898,Left,166,0,0,49932,9997,15618,0,0,0,58383,21517,15364,0,0,0,0,0,0,0
independent_20260430_071409,trial_001,1777504459.252481,227250.2289451,Left,167,0,0,3085,12557,16898,0,0,0,6160,37389,41732,0,0,0,0,0,0,0
independent_20260430_071409,trial_001,1777504459.2829714,227250.2589963,Left,168,0,0,60428,63756,30466,0,0,0,61455,24077,41732,0,0,0,0,0,0,0
independent_20260430_071409,trial_001,1777504459.2885807,227250.2635982,Left,169,0,0,14093,47628,57346,0,0,0,49423,15117,261,0,0,0,0,0,0,0
independent_20260430_071409,trial_001,1777504459.348232,227250.3232437,Left,170,0,0,19981,37388,3075,0,0,0,47887,23053,12805,12032,0,0,0,0,0,0
independent_20260430_071409,trial_001,1777504459.4633086,227250.4388937,Left,171,0,0,26637,28172,3331,0,0,0,42767,17677,20485,25600,0,0,0,0,0,0
independent_20260430_071409,trial_001,1777504459.4928381,227250.4688883,Left,172,0,0,18189,6924,61186,0,0,0,24079,9229,19205,31488,0,0,0,0,0,0
independent_20260430_071409,trial_001,1777504459.5543168,227250.5292939,Left,173,0,0,21773,59915,2307,0,0,0,21007,64780,25861,51456,0,0,0,0,0,0
independent_20260430_071409,trial_001,1777504459.6138546,227250.5890047,Left,174,0,0,7437,17419,61954,0,0,0,61454,30476,26117,769,0,0,0,0,0,0
independent_20260430_071409,trial_001,1777504459.6739438,227250.648897,Left,175,0,0,4365,1547,3075,0,0,0,50446,3596,23557,5377,0,0,0,0,0,0
independent_20260430_071409,trial_001,1777504459.7034118,227250.6789404,Left,176,0,0,9741,59658,64770,0,0,0,55822,64011,21509,9473,0,0,0,0,0,0
independent_20260430_071409,trial_001,1777504459.7634726,227250.7389456,Left,177,0,0,24589,31243,56322,0,0,0,11791,33036,5893,58880,0,0,0,0,0,0
independent_20260430_071409,trial_001,1777504459.823637,227250.7989339,Left,178,0,0,47628,9738,23553,0,0,0,5646,30218,57346,0,0,0,0,0,0,0
independent_20260430_071409,trial_001,1777504459.8282,227250.8032122,Left,179,0,0,49928,54275,0,0,0,0,60936,55299,0,0,0,0,0,0,0,0
independent_20260430_071409,trial_001,1777504459.858307,227250.8333094,Left,180,0,0,43012,0,0,0,0,0,31747,0,0,0,0,0,0,0,0,0
independent_20260430_071409,trial_001,1777504459.9708755,227250.9461955,Left,181,0,0,52737,0,0,0,0,0,26368,0,0,0,0,0,0,0,0,0
independent_20260430_071409,trial_001,1777504460.0329742,227251.0089293,Left,182,0,0,51712,0,0,0,0,0,0,0,0,0,0,0,0,0,0,0
independent_20260430_071409,trial_001,1777504460.06356,227251.0389335,Left,183,0,0,15616,0,0,0,0,0,0,0,0,0,0,0,0,0,0,0
independent_20260430_071409,trial_001,1777504460.1226726,227251.099037,Left,184,0,0,0,0,0,0,0,0,0,0,0,0,0,0,0,0,0,0
independent_20260430_071409,trial_001,1777504460.1830359,227251.1589483,Left,185,0,0,0,0,0,0,0,0,0,0,0,0,0,0,0,0,0,0
independent_20260430_071409,trial_001,1777504460.243876,227251.218995,Left,186,0,0,0,0,0,0,0,0,0,0,0,0,0,0,0,0,0,0
independent_20260430_071409,trial_001,1777504460.2739866,227251.2491349,Left,187,0,0,0,0,0,0,0,0,0,0,0,0,0,0,0,0,0,0
independent_20260430_071409,trial_001,1777504460.3336565,227251.3089029,Left,188,0,0,0,0,0,0,0,0,0,0,0,0,0,0,0,0,0,0
independent_20260430_071409,trial_001,1777504460.3382068,227251.3132093,Left,189,0,0,0,0,0,0,0,0,0,0,0,0,0,0,0,0,0,0
independent_20260430_071409,trial_001,1777504460.398582,227251.3737341,Left,190,0,0,0,0,0,0,0,0,0,0,0,0,0,0,0,0,0,0
independent_20260430_071409,trial_001,1777504460.484114,227251.4590643,Left,191,0,0,0,0,0,0,0,0,0,0,0,0,0,0,0,0,0,0
independent_20260430_071409,trial_001,1777504460.5435064,227251.5189462,Left,192,0,0,0,0,0,0,0,0,0,0,0,0,0,0,0,0,0,0
independent_20260430_071409,trial_001,1777504460.6037095,227251.578984,Left,193,0,0,0,0,0,0,0,0,0,0,0,0,0,0,0,0,0,0
independent_20260430_071409,trial_001,1777504460.6338978,227251.6089232,Left,194,0,0,0,0,0,0,0,0,0,0,0,0,0,0,0,0,0,0
independent_20260430_071409,trial_001,1777504460.6937556,227251.6689944,Left,195,0,0,61696,0,0,0,0,0,48897,0,0,0,0,0,0,0,0,0
independent_20260430_071409,trial_001,1777504460.7541022,227251.729093,Left,196,0,0,12292,60931,0,0,0,0,3591,8452,0,0,0,0,0,0,0,0
independent_20260430_071409,trial_001,1777504460.813407,227251.7889191,Left,197,0,0,35336,47113,0,0,0,0,35085,33035,0,0,0,0,0,0,0,0
independent_20260430_071409,trial_001,1777504460.843638,227251.8189302,Left,198,0,0,54284,43535,0,0,0,0,11026,62992,26625,0,0,0,0,0,0,0
independent_20260430_071409,trial_001,1777504460.848184,227251.8232004,Left,199,0,0,25358,45330,4865,0,0,0,14612,32531,45571,0,0,0,0,0,0,0
independent_20260430_071409,trial_001,1777504460.9083977,227251.883533,Left,200,0,0,3598,60689,19202,0,0,0,16403,64786,36356,0,0,0,0,0,0,0
independent_20260430_071409,trial_001,1777504461.023307,227251.9989736,Left,201,0,0,11789,18192,38914,0,0,0,50449,13585,47364,0,0,0,0,0,0,0
independent_20260430_071409,trial_001,1777504461.053954,227252.0289845,Left,202,0,0,38412,34575,38658,0,0,0,4625,9744,40964,0,0,0,0,0,0,0
independent_20260430_071409,trial_001,1777504461.1137333,227252.0890612,Left,203,0,0,45324,51726,22786,0,0,0,45584,44559,41988,0,0,0,0,0,0,0
independent_20260430_071409,trial_001,1777504461.1736975,227252.1489574,Left,204,0,0,62732,59918,34818,0,0,0,63248,48399,54276,0,0,0,0,0,0,0
independent_20260430_071409,trial_001,1777504461.2032876,227252.1789305,Left,205,0,0,8717,9487,43778,0,0,0,10001,60175,1797,0,0,0,0,0,0,0
independent_20260430_071409,trial_001,1777504461.263754,227252.2389461,Left,206,0,0,25869,63502,60418,0,0,0,59152,50959,52228,0,0,0,0,0,0,0
independent_20260430_071409,trial_001,1777504461.3225884,227252.2990289,Left,207,0,0,30733,32526,7171,0,0,0,45840,27919,60676,0,0,0,0,0,0,0
independent_20260430_071409,trial_001,1777504461.3835452,227252.3589792,Left,208,0,0,35085,5134,17411,0,0,0,42768,1807,55556,0,0,0,0,0,0,0
independent_20260430_071409,trial_001,1777504461.3887992,227252.3639026,Left,209,0,0,38925,2318,20739,0,0,0,43536,64526,40964,0,0,0,0,0,0,0
independent_20260430_071409,trial_001,1777504461.418249,227252.3933769,Left,210,0,0,51213,14862,45826,0,0,0,44048,49166,58371,0,0,0,0,0,0,0
independent_20260430_071409,trial_001,1777504461.532799,227252.5089469,Left,211,0,0,20236,48139,36352,0,0,0,35086,34315,34049,0,0,0,0,0,0,0
independent_20260430_071409,trial_001,1777504461.6238365,227252.5989256,Left,212,0,0,28935,60931,0,0,0,0,16648,53251,0,0,0,0,0,0,0,0
independent_20260430_071409,trial_001,1777504461.629904,227252.6049196,Left,213,0,0,61442,0,0,0,0,0,23298,0,0,0,0,0,0,0,0,0
independent_20260430_071409,trial_001,1777504461.6831682,227252.6589969,Left,214,0,0,55040,0,0,0,0,0,0,0,0,0,0,0,0,0,0,0
independent_20260430_071409,trial_001,1777504461.743203,227252.7189352,Left,215,0,0,20736,0,0,0,0,0,0,0,0,0,0,0,0,0,0,0
independent_20260430_071409,trial_001,1777504461.8039181,227252.7789511,Left,216,0,0,1024,0,0,0,0,0,0,0,0,0,0,0,0,0,0,0
independent_20260430_071409,trial_001,1777504461.8336506,227252.8089317,Left,217,0,0,0,0,0,0,0,0,0,0,0,0,0,0,0,0,0,0
independent_20260430_071409,trial_001,1777504461.8937151,227252.8689514,Left,218,0,0,0,0,0,0,0,0,0,0,0,0,0,0,0,0,0,0
independent_20260430_071409,trial_001,1777504461.898735,227252.8738076,Left,219,0,0,0,0,0,0,0,0,0,0,0,0,0,0,0,0,0,0
independent_20260430_071409,trial_001,1777504461.958587,227252.9336607,Left,220,0,0,0,0,0,0,0,0,0,0,0,0,0,0,0,0,0,0
independent_20260430_071409,trial_001,1777504462.0428154,227253.0189419,Left,221,0,0,0,0,0,0,0,0,0,0,0,0,0,0,0,0,0,0
independent_20260430_071409,trial_001,1777504462.1037674,227253.0790513,Left,222,0,0,0,0,0,0,0,0,0,0,0,0,0,0,0,0,0,0
independent_20260430_071409,trial_001,1777504462.1631174,227253.1389687,Left,223,0,0,0,0,0,0,0,0,0,0,0,0,0,0,0,0,0,0
independent_20260430_071409,trial_001,1777504462.1931958,227253.1690514,Left,224,0,0,0,0,0,0,0,0,0,0,0,0,0,0,0,0,0,0
independent_20260430_071409,trial_001,1777504462.254484,227253.2294674,Left,225,0,0,0,0,0,0,0,0,0,0,0,0,0,0,0,0,0,0
independent_20260430_071409,trial_001,1777504462.3134494,227253.2889905,Left,226,0,0,0,0,0,0,0,0,0,0,0,0,0,0,0,0,0,0
independent_20260430_071409,trial_001,1777504462.3743558,227253.3493054,Left,227,0,0,0,0,0,0,0,0,0,0,0,0,0,0,0,0,0,0
independent_20260430_071409,trial_001,1777504462.4032495,227253.378988,Left,228,0,0,0,0,0,0,0,0,0,0,0,0,0,0,0,0,0,0
independent_20260430_071409,trial_001,1777504462.4085097,227253.3836329,Left,229,0,0,5888,0,0,0,0,0,38400,0,0,0,0,0,0,0,0,0
independent_20260430_071409,trial_001,1777504462.4686623,227253.4438598,Left,230,0,0,19459,17408,0,0,0,0,63491,0,0,0,0,0,0,0,0,0
independent_20260430_071409,trial_001,1777504462.5835657,227253.5589513,Left,231,0,0,36357,48386,0,0,0,0,36871,23554,0,0,0,0,0,0,0,0
independent_20260430_071409,trial_001,1777504462.6137714,227253.5889581,Left,232,0,0,43527,53765,0,0,0,0,2827,19718,1536,0,0,0,0,0,0,0
independent_20260430_071409,trial_001,1777504462.673904,227253.6489686,Left,233,0,0,19465,24072,49408,0,0,0,21005,7433,19458,0,0,0,0,0,0,0
independent_20260430_071409,trial_001,1777504462.7345889,227253.7095712,Left,234,0,0,55561,3593,40705,0,0,0,46605,48649,15107,0,0,0,0,0,0,0
independent_20260430_071409,trial_001,1777504462.764004,227253.7390448,Left,235,0,0,14602,65032,3330,0,0,0,38925,27913,38403,0,0,0,0,0,0,0
independent_20260430_071409,trial_001,1777504462.822745,227253.7990055,Left,236,0,0,11786,46856,15874,0,0,0,23821,22793,43523,0,0,0,0,0,0,0
independent_20260430_071409,trial_001,1777504462.8842015,227253.8591791,Left,237,0,0,25610,63240,24578,0,0,0,35085,38921,2052,0,0,0,0,0,0,0
independent_20260430_071409,trial_001,1777504462.942848,227253.9189881,Left,238,0,0,40970,13065,26370,0,0,0,36365,58633,14340,0,0,0,0,0,0,0
independent_20260430_071409,trial_001,1777504462.9484186,227253.9234597,Left,239,0,0,53258,12809,37378,0,0,0,52493,64521,25860,15360,0,0,0,0,0,0
independent_20260430_071409,trial_001,1777504462.9784377,227253.953433,Left,240,0,0,267,15625,51458,0,0,0,49933,58889,32772,25344,0,0,0,0,0,0
independent_20260430_071409,trial_001,1777504463.0936244,227254.0689543,Left,241,0,0,61706,14601,3,0,0,0,50445,59145,33028,25600,0,0,0,0,0,0
independent_20260430_071409,trial_001,1777504463.1540933,227254.1290561,Left,242,0,0,7179,265,4099,0,0,0,41741,50185,43268,42240,0,0,0,0,0,0
independent_20260430_071409,trial_001,1777504463.1828291,227254.1589872,Left,243,0,0,11275,3593,34563,0,0,0,41229,43529,33284,58112,0,0,0,0,0,0
independent_20260430_071409,trial_001,1777504463.2441669,227254.2191736,Left,244,0,0,28939,14857,32771,0,0,0,43533,45833,29444,51200,0,0,0,0,0,0
independent_20260430_071409,trial_001,1777504463.3033981,227254.2789637,Left,245,0,0,38667,49417,28675,0,0,0,51981,4874,30468,39168,0,0,0,0,0,0
independent_20260430_071409,trial_001,1777504463.3635538,227254.338968,Left,246,0,0,6156,38922,7171,0,0,0,30478,32778,7172,2816,0,0,0,0,0,0
independent_20260430_071409,trial_001,1777504463.3936577,227254.3689901,Left,247,0,0,36107,265,64768,0,0,0,12301,47112,64769,0,0,0,0,0,0,0
independent_20260430_071409,trial_001,1777504463.453701,227254.4291346,Left,248,0,0,34056,44547,0,0,0,0,53512,12035,0,0,0,0,0,0,0,0
independent_20260430_071409,trial_001,1777504463.45874,227254.4338702,Left,249,0,0,56068,0,0,0,0,0,60163,0,0,0,0,0,0,0,0,0
independent_20260430_071409,trial_001,1777504463.5185509,227254.4935737,Left,250,0,0,62465,0,0,0,0,0,27648,0,0,0,0,0,0,0,0,0
independent_20260430_071409,trial_001,1777504463.6025715,227254.5789885,Left,251,0,0,38144,0,0,0,0,0,0,0,0,0,0,0,0,0,0,0
independent_20260430_071409,trial_001,1777504463.6638489,227254.6389942,Left,252,0,0,4608,0,0,0,0,0,0,0,0,0,0,0,0,0,0,0
independent_20260430_071409,trial_001,1777504463.7226954,227254.6989677,Left,253,0,0,0,0,0,0,0,0,0,0,0,0,0,0,0,0,0,0
independent_20260430_071409,trial_001,1777504463.7536013,227254.7290155,Left,254,0,0,0,0,0,0,0,0,0,0,0,0,0,0,0,0,0,0
independent_20260430_071409,trial_001,1777504463.8133717,227254.7890039,Left,255,0,0,0,0,0,0,0,0,0,0,0,0,0,0,0,0,0,0
independent_20260430_071409,trial_001,1777504463.87399,227254.8490288,Left,256,0,0,0,0,0,0,0,0,0,0,0,0,0,0,0,0,0,0
independent_20260430_071409,trial_001,1777504463.9334674,227254.9089639,Left,257,0,0,0,0,0,0,0,0,0,0,0,0,0,0,0,0,0,0
independent_20260430_071409,trial_001,1777504463.9637926,227254.9389958,Left,258,0,0,0,0,0,0,0,0,0,0,0,0,0,0,0,0,0,0
independent_20260430_071409,trial_001,1777504463.968527,227254.9436153,Left,259,0,0,0,0,0,0,0,0,0,0,0,0,0,0,0,0,0,0
independent_20260430_071409,trial_001,1777504464.0291781,227255.0042005,Left,260,0,0,0,0,0,0,0,0,0,0,0,0,0,0,0,0,0,0
independent_20260430_071409,trial_001,1777504464.1437893,227255.118994,Left,261,0,0,0,0,0,0,0,0,0,0,0,0,0,0,0,0,0,0
independent_20260430_071409,trial_001,1777504464.1733942,227255.148977,Left,262,0,0,0,0,0,0,0,0,0,0,0,0,0,0,0,0,0,0
independent_20260430_071409,trial_001,1777504464.2332501,227255.2090068,Left,263,0,0,0,0,0,0,0,0,0,0,0,0,0,0,0,0,0,0
independent_20260430_071409,trial_001,1777504464.2938268,227255.2691069,Left,264,0,0,0,0,0,0,0,0,0,0,0,0,0,0,0,0,0,0
independent_20260430_071409,trial_001,1777504464.323446,227255.2990096,Left,265,0,0,0,0,0,0,0,0,0,0,0,0,0,0,0,0,0,0
independent_20260430_071409,trial_001,1777504464.3835938,227255.358972,Left,266,0,0,3073,0,0,0,0,0,55040,0,0,0,0,0,0,0,0,0
independent_20260430_071409,trial_001,1777504464.442534,227255.4190089,Left,267,0,0,1795,55040,0,0,0,0,30979,7680,0,0,0,0,0,0,0,0
independent_20260430_071409,trial_001,1777504464.5029068,227255.4790265,Left,268,0,0,22790,27652,0,0,0,0,9480,21764,0,0,0,0,0,0,0,0
independent_20260430_071409,trial_001,1777504464.5082512,227255.4833196,Left,269,0,0,22537,33800,0,0,0,0,62221,9225,0,0,0,0,0,0,0,0
independent_20260430_071409,trial_001,1777504464.5690205,227255.5439836,Left,270,0,0,46346,55564,2816,0,0,0,41744,6669,54784,0,0,0,0,0,0,0
independent_20260430_071409,trial_001,1777504464.6537807,227255.629041,Left,271,0,0,32523,7182,6401,0,0,0,21777,41998,19202,0,0,0,0,0,0,0
independent_20260430_071409,trial_001,1777504464.7138307,227255.6890228,Left,272,0,0,34827,43533,35841,0,0,0,39441,32014,38914,0,0,0,0,0,0,0
independent_20260430_071409,trial_001,1777504464.7426891,227255.7190528,Left,273,0,0,40203,11021,38657,0,0,0,34321,14,49666,0,0,0,0,0,0,0
independent_20260430_071409,trial_001,1777504464.8038354,227255.7789969,Left,274,0,0,48651,62476,42753,0,0,0,22289,46861,48898,0,0,0,0,0,0,0
independent_20260430_071409,trial_001,1777504464.8634114,227255.8390105,Left,275,0,0,8204,9741,48897,0,0,0,39441,56333,61954,0,0,0,0,0,0,0
independent_20260430_071409,trial_001,1777504464.9243524,227255.8993257,Left,276,0,0,38924,47117,59393,0,0,0,5906,21518,10243,0,0,0,0,0,0,0
independent_20260430_071409,trial_001,1777504464.9532104,227255.9290318,Left,277,0,0,63244,62221,2,0,0,0,10514,38926,25859,0,0,0,0,0,0,0
independent_20260430_071409,trial_001,1777504465.0138485,227255.989021,Left,278,0,0,7949,56077,58881,0,0,0,11026,42510,34307,0,0,0,0,0,0,0
independent_20260430_071409,trial_001,1777504465.0183954,227255.9934485,Left,279,0,0,21261,62989,63745,0,0,0,25618,49678,39683,0,0,0,0,0,0,0
independent_20260430_071409,trial_001,1777504465.0786412,227256.0536878,Left,280,0,0,38669,2318,7170,0,0,0,27410,64526,52227,0,0,0,0,0,0,0
independent_20260430_071409,trial_001,1777504465.1634104,227256.138991,Left,281,0,0,48653,51981,10754,0,0,0,16146,46350,51715,0,0,0,0,0,0,0
independent_20260430_071409,trial_001,1777504465.2237422,227256.1990437,Left,282,0,0,50445,27917,3586,0,0,0,62737,18446,39171,0,0,0,0,0,0,0
independent_20260430_071409,trial_001,1777504465.2837174,227256.2590602,Left,283,0,0,61965,23309,63233,0,0,0,52497,25102,32515,0,0,0,0,0,0,0
independent_20260430_071409,trial_001,1777504465.313788,227256.2890025,Left,284,0,0,11534,31501,54273,0,0,0,7698,28430,29187,0,0,0,0,0,0,0
independent_20260430_071409,trial_001,1777504465.3734796,227256.3490032,Left,285,0,0,25358,42253,64513,0,0,0,14866,35854,25859,0,0,0,0,0,0,0
independent_20260430_071409,trial_001,1777504465.4326792,227256.4090031,Left,286,0,0,19982,26893,56833,0,0,0,55057,44813,36098,0,0,0,0,0,0,0
independent_20260430_071409,trial_001,1777504465.4929998,227256.4690046,Left,287,0,0,43531,62473,6145,0,0,0,9997,41481,41473,0,0,0,0,0,0,0
independent_20260430_071409,trial_001,1777504465.5228558,227256.4989838,Left,288,0,0,47880,25860,0,0,0,0,62472,53507,0,0,0,0,0,0,0,0
independent_20260430_071409,trial_001,1777504465.528119,227256.5031264,Left,289,0,0,48133,0,0,0,0,0,8965,5376,0,0,0,0,0,0,0,0
independent_20260430_071409,trial_001,1777504465.5891063,227256.5641066,Left,290,0,0,56834,0,0,0,0,0,60417,0,0,0,0,0,0,0,0,0
independent_20260430_071409,trial_001,1777504465.701277,227256.6763232,Left,291,0,0,64000,0,0,0,0,0,0,0,0,0,0,0,0,0,0,0
independent_20260430_071409,trial_001,1777504465.7340071,227256.7090506,Left,292,0,0,27136,0,0,0,0,0,0,0,0,0,0,0,0,0,0,0
independent_20260430_071409,trial_001,1777504465.8240762,227256.7990608,Left,293,0,0,0,0,0,0,0,0,0,0,0,0,0,0,0,0,0,0
independent_20260430_071409,trial_001,1777504465.8526847,227256.8290283,Left,294,0,0,0,0,0,0,0,0,0,0,0,0,0,0,0,0,0,0
independent_20260430_071409,trial_001,1777504465.8836203,227256.8590374,Left,295,0,0,0,0,0,0,0,0,0,0,0,0,0,0,0,0,0,0
independent_20260430_071409,trial_001,1777504465.94279,227256.9190108,Left,296,0,0,0,0,0,0,0,0,0,0,0,0,0,0,0,0,0,0
independent_20260430_071409,trial_001,1777504466.0038476,227256.979003,Left,297,0,0,0,0,0,0,0,0,0,0,0,0,0,0,0,0,0,0
independent_20260430_071409,trial_001,1777504466.0638976,227257.0389928,Left,298,0,0,0,0,0,0,0,0,0,0,0,0,0,0,0,0,0,0
independent_20260430_071409,trial_001,1777504466.0685244,227257.043527,Left,299,0,0,0,0,0,0,0,0,0,0,0,0,0,0,0,0,0,0
independent_20260430_071409,trial_001,1777504466.0983949,227257.0735259,Left,300,0,0,0,0,0,0,0,0,0,0,0,0,0,0,0,0,0,0
independent_20260430_071409,trial_001,1777504466.213764,227257.189003,Left,301,0,0,0,0,0,0,0,0,0,0,0,0,0,0,0,0,0,0
independent_20260430_071409,trial_001,1777504466.2730927,227257.2490159,Left,302,0,0,0,0,0,0,0,0,0,0,0,0,0,0,0,0,0,0
independent_20260430_071409,trial_001,1777504466.3038182,227257.2790112,Left,303,0,0,48897,0,0,0,0,0,40194,0,0,0,0,0,0,0,0,0
independent_20260430_071409,trial_001,1777504466.363011,227257.3390181,Left,304,0,0,57604,3586,0,0,0,0,32774,52993,0,0,0,0,0,0,0,0
independent_20260430_071409,trial_001,1777504466.4236274,227257.3989968,Left,305,0,0,4871,24580,0,0,0,0,40713,45060,0,0,0,0,0,0,0,0
independent_20260430_071409,trial_001,1777504466.48358,227257.4590625,Left,306,0,0,46600,51719,28416,0,0,0,37388,24840,18433,0,0,0,0,0,0,0
independent_20260430_071409,trial_001,1777504466.5135355,227257.4890355,Left,307,0,0,9482,16137,7425,0,0,0,1551,31497,20737,0,0,0,0,0,0,0
independent_20260430_071409,trial_001,1777504466.5727568,227257.5490624,Left,308,0,0,25610,28681,37633,0,0,0,30223,56329,59905,0,0,0,0,0,0,0
independent_20260430_071409,trial_001,1777504466.5794253,227257.5545504,Left,309,0,0,35594,32521,22273,0,0,0,23311,45577,64513,0,0,0,0,0,0,0
independent_20260430_071409,trial_001,1777504466.638428,227257.6134495,Left,310,0,0,46602,33801,7425,0,0,0,34831,52745,4610,0,0,0,0,0,0,0
independent_20260430_071409,trial_001,1777504466.7238424,227257.6990212,Left,311,0,0,61962,55305,23041,0,0,0,56079,13322,17922,0,0,0,0,0,0,0
independent_20260430_071409,trial_001,1777504466.8136156,227257.7890521,Left,312,0,0,16139,55817,31233,0,0,0,56847,13066,39682,0,0,0,0,0,0,0
independent_20260430_071409,trial_001,1777504466.8433459,227257.8190486,Left,313,0,0,25355,33033,45313,0,0,0,42511,57865,45826,0,0,0,0,0,0,0
independent_20260430_071409,trial_001,1777504466.8730764,227257.8490397,Left,314,0,0,38411,26889,62977,0,0,0,40207,58377,46338,0,0,0,0,0,0,0
independent_20260430_071409,trial_001,1777504466.9328103,227257.9090438,Left,315,0,0,50187,28937,57857,0,0,0,38927,59913,57090,0,2304,0,0,0,0,0
independent_20260430_071409,trial_001,1777504467.0238285,227257.9990612,Left,316,0,0,2060,55049,37379,0,0,0,19470,45834,59140,39936,0,0,0,0,0,0
independent_20260430_071409,trial_001,1777504467.0538898,227258.0290793,Left,317,0,0,43787,17674,33027,0,0,0,25614,54794,60932,47616,0,0,0,0,0,0
independent_20260430_071409,trial_001,1777504467.0839977,227258.0590255,Left,318,0,0,49675,29706,40963,0,0,0,36366,61962,61444,38144,0,0,0,0,0,0
independent_20260430_071409,trial_001,1777504467.0886545,227258.0636501,Left,319,0,0,9484,54538,36355,0,0,0,47886,5387,54020,30976,0,0,0,0,0,0
independent_20260430_071409,trial_001,1777504467.1484032,227258.1233941,Left,320,0,0,22796,27659,44803,0,0,0,5135,27403,52484,9216,0,0,0,0,0,0
independent_20260430_071409,trial_001,1777504467.2626126,227258.2390673,Left,321,0,0,43788,5644,2819,0,0,0,23567,780,4356,0,0,0,0,0,0,0
independent_20260430_071409,trial_001,1777504467.2934349,227258.2691047,Left,322,0,0,60427,14346,769,0,0,0,61197,4618,37121,0,0,0,0,0,0,0
independent_20260430_071409,trial_001,1777504467.35376,227258.3290464,Left,323,0,0,4105,16133,0,0,0,0,64521,59140,0,0,0,0,0,0,0,0
independent_20260430_071409,trial_001,1777504467.4133644,227258.3890493,Left,324,0,0,40965,12032,0,0,0,0,13573,25344,0,0,0,0,0,0,0,0
independent_20260430_071409,trial_001,1777504467.4433234,227258.4190346,Left,325,0,0,23810,0,0,0,0,0,17153,0,0,0,0,0,0,0,0,0
independent_20260430_071409,trial_001,1777504467.5036404,227258.479512,Left,326,0,0,44288,0,0,0,0,0,0,0,0,0,0,0,0,0,0,0
independent_20260430_071409,trial_001,1777504467.562392,227258.5390146,Left,327,0,0,4864,0,0,0,0,0,0,0,0,0,0,0,0,0,0,0
independent_20260430_071409,trial_001,1777504467.6230454,227258.5990678,Left,328,0,0,4352,0,0,0,0,0,0,0,0,0,0,0,0,0,0,0
independent_20260430_071409,trial_001,1777504467.6286702,227258.6037316,Left,329,0,0,0,0,0,0,0,0,0,0,0,0,0,0,0,0,0,0
independent_20260430_071409,trial_001,1777504467.6589193,227258.6339632,Left,330,0,0,0,0,0,0,0,0,0,0,0,0,0,0,0,0,0,0
independent_20260430_071409,trial_001,1777504467.7713695,227258.7463024,Left,331,0,0,0,0,0,0,0,0,0,0,0,0,0,0,0,0,0,0
independent_20260430_071409,trial_001,1777504467.8323686,227258.8090135,Left,332,0,0,0,0,0,0,0,0,0,0,0,0,0,0,0,0,0,0
independent_20260430_071409,trial_001,1777504467.8633473,227258.8390255,Left,333,0,0,0,0,0,0,0,0,0,0,0,0,0,0,0,0,0,0
independent_20260430_071409,trial_001,1777504467.923051,227258.899073,Left,334,0,0,0,0,0,0,0,0,0,0,0,0,0,0,0,0,0,0
independent_20260430_071409,trial_001,1777504467.9846096,227258.9595987,Left,335,0,0,0,0,0,0,0,0,0,0,0,0,0,0,0,0,0,0
independent_20260430_071409,trial_001,1777504468.0444064,227259.0195198,Left,336,0,0,0,0,0,0,0,0,0,0,0,0,0,0,0,0,0,0
independent_20260430_071409,trial_001,1777504468.0739877,227259.0490982,Left,337,0,0,0,0,0,0,0,0,0,0,0,0,0,0,0,0,0,0
independent_20260430_071409,trial_001,1777504468.1330829,227259.1090337,Left,338,0,0,0,0,0,0,0,0,0,0,0,0,0,0,0,0,0,0
independent_20260430_071409,trial_001,1777504468.1381798,227259.1131688,Left,339,0,0,39169,25856,0,0,0,0,24067,0,0,0,0,0,0,0,0,0
independent_20260430_071409,trial_001,1777504468.1982934,227259.1733252,Left,340,0,0,4357,56067,0,0,0,0,2056,52740,0,0,0,0,0,0,0,0
independent_20260430_071409,trial_001,1777504468.2837532,227259.2591025,Left,341,0,0,58376,4873,0,0,0,0,9229,55049,0,0,0,0,0,0,0,0
independent_20260430_071409,trial_001,1777504468.3434541,227259.319057,Left,342,0,0,15883,31757,0,0,0,0,20497,30733,39168,0,0,0,0,0,0,0
independent_20260430_071409,trial_001,1777504468.4039478,227259.3790352,Left,343,0,0,58123,52238,4865,0,0,0,63249,28175,44033,0,0,0,0,0,0,0
independent_20260430_071409,trial_001,1777504468.4325957,227259.4090386,Left,344,0,0,28684,14607,35329,0,0,0,25874,8976,37378,0,0,0,0,0,0,0
independent_20260430_071409,trial_001,1777504468.5229447,227259.4991051,Left,345,0,0,27916,56590,37889,0,0,0,27154,61711,52482,0,0,0,0,0,0,0
independent_20260430_071409,trial_001,1777504468.5538633,227259.5290595,Left,346,0,0,12044,12046,30209,0,0,0,21010,45071,5891,0,0,0,0,0,0,0
independent_20260430_071409,trial_001,1777504468.613921,227259.5891347,Left,347,0,0,43020,63757,31233,0,0,0,39186,42255,11267,0,0,0,0,0,0,0
independent_20260430_071409,trial_001,1777504468.6442306,227259.6193423,Left,348,0,0,51212,62733,49665,0,0,0,36882,33039,26627,0,0,0,0,0,0,0
independent_20260430_071409,trial_001,1777504468.6489367,227259.623962,Left,349,0,0,57612,43533,49665,0,0,0,28434,14351,22531,0,0,0,0,0,0,0
independent_20260430_071409,trial_001,1777504468.738434,227259.7136192,Left,350,0,0,4109,36109,57089,0,0,0,13330,64782,21763,0,0,0,0,0,0,0
independent_20260430_071409,trial_001,1777504468.8240805,227259.7990807,Left,351,0,0,21773,44301,62721,0,0,0,25874,4367,41219,0,0,0,0,0,0,0
independent_20260430_071409,trial_001,1777504468.8540444,227259.8290991,Left,352,0,0,44557,47885,57857,0,0,0,32018,13839,39171,0,0,0,0,0,0,0
independent_20260430_071409,trial_001,1777504468.9436321,227259.9190612,Left,353,0,0,6158,61709,62977,0,0,0,43794,25871,28163,0,0,0,0,0,0,0
independent_20260430_071409,trial_001,1777504468.973466,227259.9490385,Left,354,0,0,25102,25102,3842,0,0,0,57106,38671,26115,0,0,0,0,0,0,0
independent_20260430_071409,trial_001,1777504469.0036657,227259.979045,Left,355,0,0,25102,38158,18178,0,0,0,55314,46863,23555,0,0,0,0,0,0,0
independent_20260430_071409,trial_001,1777504469.0638547,227260.0390633,Left,356,0,0,40974,54030,13058,0,0,0,63250,16,12291,0,0,0,0,0,0,0
independent_20260430_071409,trial_001,1777504469.123799,227260.0990907,Left,357,0,0,13326,23054,37633,0,0,0,25362,9743,31746,0,0,0,0,0,0,0
independent_20260430_071409,trial_001,1777504469.1825829,227260.1590727,Left,358,0,0,34572,59147,8961,0,0,0,4367,24076,60161,0,0,0,0,0,0,0
independent_20260430_071409,trial_001,1777504469.1894333,227260.1644098,Left,359,0,0,61705,30983,0,0,0,0,33803,22279,0,0,0,0,0,0,0,0
independent_20260430_071409,trial_001,1777504469.218423,227260.1934596,Left,360,0,0,35590,43265,0,0,0,0,29702,41217,0,0,0,0,0,0,0,0
independent_20260430_071409,trial_001,1777504469.3335965,227260.3090741,Left,361,0,0,3587,0,0,0,0,0,15874,0,0,0,0,0,0,0,0,0
independent_20260430_071409,trial_001,1777504469.393941,227260.3690737,Left,362,0,0,63488,0,0,0,0,0,0,0,0,0,0,0,0,0,0,0
independent_20260430_071409,trial_001,1777504469.423137,227260.3990874,Left,363,0,0,15616,0,0,0,0,0,0,0,0,0,0,0,0,0,0,0
independent_20260430_071409,trial_001,1777504469.4834816,227260.4590619,Left,364,0,0,24320,0,0,0,0,0,0,0,0,0,0,0,0,0,0,0
independent_20260430_071409,trial_001,1777504469.5437593,227260.5191151,Left,365,0,0,0,0,0,0,0,0,0,0,0,0,0,0,0,0,0,0
independent_20260430_071409,trial_001,1777504469.6335464,227260.6091251,Left,366,0,0,0,0,0,0,0,0,0,0,0,0,0,0,0,0,0,0
independent_20260430_071409,trial_001,1777504469.6402917,227260.6153975,Left,367,0,0,0,0,0,0,0,0,0,0,0,0,0,0,0,0,0,0
independent_20260430_071409,trial_001,1777504469.6937354,227260.6690748,Left,368,0,0,0,0,0,0,0,0,0,0,0,0,0,0,0,0,0,0
independent_20260430_071409,trial_001,1777504469.698966,227260.6739391,Left,369,0,0,0,0,0,0,0,0,0,0,0,0,0,0,0,0,0,0
independent_20260430_071409,trial_001,1777504469.7584617,227260.7334545,Left,370,0,0,0,0,0,0,0,0,0,0,0,0,0,0,0,0,0,0
independent_20260430_071409,trial_001,1777504469.8408532,227260.8163429,Left,371,0,0,0,0,0,0,0,0,0,0,0,0,0,0,0,0,0,0
independent_20260430_071409,trial_001,1777504469.9031785,227260.8790736,Left,372,0,0,0,0,0,0,0,0,0,0,0,0,0,0,0,0,0,0
independent_20260430_071409,trial_001,1777504469.9639235,227260.9390609,Left,373,0,0,0,0,0,0,0,0,0,0,0,0,0,0,0,0,0,0
independent_20260430_071409,trial_001,1777504470.0238252,227260.999084,Left,374,0,0,0,0,0,0,0,0,0,0,0,0,0,0,0,0,0,0
independent_20260430_071409,trial_001,1777504470.0541663,227261.0291488,Left,375,0,0,0,0,0,0,0,0,0,0,0,0,0,0,0,0,0,0
